seed,phase,iteration,cumulative_requests,cumulative_dollars,openevolve_score,repaired_strict_score,best_so_far_repaired_score,cumulative_tokens,raw_strict_score,raw_strict_valid,rerun_sum_radii,program_sha256,program_wall_s,program_cpu_s,evaluator_timeout_s,openevolve_eval_time_s,within_shipped_time_limit
1,1,0,0,0.000000,0.9597642169962064,0.9597652169962063,0.9597652169962063,0,0.0,False,0.9597642169962064,9d87e817e4039a01,0.06,0.06,60,0.0,True
1,1,2,1,0.012382,1.0260816723910993,1.026081672391099,1.026081672391099,4926,0.0,False,1.0260816723910993,13d455df67e5812f,0.06,0.11,60,,True
1,1,1,2,0.026479,1.3385105674185476,1.3385105674185476,1.3385105674185476,10195,1.3385105674185476,True,1.3385105674185476,f2184f12076bfbad,0.06,0.11,60,0.1,True
1,1,3,3,0.039461,1.3385105674185476,1.3385105674185476,1.3385105674185476,15241,1.3385105674185476,True,1.3385105674185476,f2184f12076bfbad,0.06,0.11,60,0.1,True
1,1,4,4,0.052298,1.5464278182640845,1.5464278182640845,1.5464278182640845,20258,1.5464278182640845,True,1.5464278182640845,f6a1488183ec637d,0.06,0.11,60,0.1,True
1,1,5,5,0.066449,1.5464278182640845,1.5464278182640845,1.5464278182640845,26005,1.5464278182640845,True,1.5464278182640845,f6a1488183ec637d,0.06,0.11,60,0.1,True
1,1,6,6,0.084195,1.5464278182640845,1.5464278182640845,1.5464278182640845,34199,1.5464278182640845,True,1.5464278182640845,f6a1488183ec637d,0.06,0.11,60,0.1,True
1,1,8,7,0.097920,1.5464278182640845,1.5464278182640845,1.5464278182640845,39972,1.5464278182640845,True,1.5464278182640845,f6a1488183ec637d,0.06,0.11,60,0.1,True
1,1,7,8,0.114756,1.5464278182640845,1.5464278182640845,1.5464278182640845,46532,1.5464278182640845,True,1.5464278182640845,f6a1488183ec637d,0.06,0.11,60,0.1,True
1,1,10,9,0.133703,1.5464278182640845,1.5464278182640845,1.5464278182640845,56183,1.5464278182640845,True,1.5464278182640845,f6a1488183ec637d,0.06,0.11,60,0.1,True
1,1,9,10,0.151176,2.084430897591359,2.084430897591359,2.084430897591359,64372,2.084430897591359,True,2.084430897591359,e13b5c28c73ec034,0.07,0.07,60,0.1,True
1,1,12,11,0.170736,2.084430897591359,2.084430897591359,2.084430897591359,73324,2.084430897591359,True,2.084430897591359,e13b5c28c73ec034,0.07,0.07,60,0.1,True
1,1,11,12,0.187674,2.084430897591359,2.084430897591359,2.084430897591359,81198,2.084430897591359,True,2.084430897591359,e13b5c28c73ec034,0.07,0.07,60,0.1,True
1,1,14,13,0.205115,2.084430897591359,2.084430897591359,2.084430897591359,91103,2.084430897591359,True,2.084430897591359,e13b5c28c73ec034,0.07,0.07,60,0.1,True
1,1,13,14,0.227696,2.084430897591359,2.084430897591359,2.084430897591359,103628,2.084430897591359,True,2.084430897591359,e13b5c28c73ec034,0.07,0.07,60,0.1,True
1,1,16,15,0.244794,2.084430897591359,2.084430897591359,2.084430897591359,111818,2.084430897591359,True,2.084430897591359,e13b5c28c73ec034,0.07,0.07,60,0.1,True
1,1,15,16,0.267274,2.084430897591359,2.084430897591359,2.084430897591359,123718,2.084430897591359,True,2.084430897591359,e13b5c28c73ec034,0.07,0.07,60,0.1,True
1,1,18,17,0.291085,2.084430897591359,2.084430897591359,2.084430897591359,138097,2.084430897591359,True,2.084430897591359,e13b5c28c73ec034,0.07,0.07,60,0.1,True
1,1,17,18,0.313500,2.093999208921415,2.0939992089214146,2.0939992089214146,149948,2.0939992089214146,True,2.093999208921415,40465d871a7737bd,0.07,0.14,60,0.2,True
1,1,19,19,0.332568,2.093999208921415,2.0939992089214146,2.0939992089214146,158912,2.0939992089214146,True,2.093999208921415,40465d871a7737bd,0.07,0.14,60,0.2,True
1,1,20,20,0.358852,2.093999208921415,2.0939992089214146,2.0939992089214146,173388,2.0939992089214146,True,2.093999208921415,40465d871a7737bd,0.07,0.14,60,0.2,True
1,1,21,21,0.386234,2.093999208921415,2.0939992089214146,2.0939992089214146,189182,2.0939992089214146,True,2.093999208921415,40465d871a7737bd,0.07,0.14,60,0.2,True
1,1,22,22,0.412902,2.093999208921415,2.0939992089214146,2.0939992089214146,204174,2.0939992089214146,True,2.093999208921415,40465d871a7737bd,0.07,0.14,60,0.2,True
1,1,23,23,0.435896,2.093999208921415,2.0939992089214146,2.0939992089214146,215812,2.0939992089214146,True,2.093999208921415,40465d871a7737bd,0.07,0.14,60,0.2,True
1,1,24,24,0.463880,2.093999208921415,2.0939992089214146,2.0939992089214146,232624,2.0939992089214146,True,2.093999208921415,40465d871a7737bd,0.07,0.14,60,0.2,True
1,1,25,25,0.492464,2.093999208921415,2.0939992089214146,2.0939992089214146,249096,2.0939992089214146,True,2.093999208921415,40465d871a7737bd,0.07,0.14,60,0.2,True
1,1,26,26,0.518616,2.093999208921415,2.0939992089214146,2.0939992089214146,264236,2.0939992089214146,True,2.093999208921415,40465d871a7737bd,0.07,0.14,60,0.2,True
1,1,27,27,0.542776,2.093999208921415,2.0939992089214146,2.0939992089214146,277824,2.0939992089214146,True,2.093999208921415,40465d871a7737bd,0.07,0.14,60,0.2,True
1,1,28,28,0.573700,2.093999208921415,2.0939992089214146,2.0939992089214146,297380,2.0939992089214146,True,2.093999208921415,40465d871a7737bd,0.07,0.14,60,0.2,True
1,1,29,29,0.599741,2.093999208921415,2.0939992089214146,2.0939992089214146,313681,2.0939992089214146,True,2.093999208921415,40465d871a7737bd,0.07,0.14,60,0.2,True
1,1,30,30,0.629210,2.093999208921415,2.0939992089214146,2.0939992089214146,331746,2.0939992089214146,True,2.093999208921415,40465d871a7737bd,0.07,0.14,60,0.2,True
1,1,31,31,0.654729,2.093999208921415,2.0939992089214146,2.0939992089214146,347705,2.0939992089214146,True,2.093999208921415,40465d871a7737bd,0.07,0.14,60,0.2,True
1,1,32,32,0.684017,2.093999208921415,2.0939992089214146,2.0939992089214146,365285,2.0939992089214146,True,2.093999208921415,40465d871a7737bd,0.07,0.14,60,0.2,True
1,1,33,33,0.715381,2.1136091600534703,2.1136091600534708,2.1136091600534708,383917,2.1136091600534708,True,2.1136091600534703,1278d5f9b364a2df,0.07,0.13,60,0.2,True
1,1,34,34,0.744776,2.1136091600534703,2.1136091600534708,2.1136091600534708,402864,2.1136091600534708,True,2.1136091600534703,1278d5f9b364a2df,0.07,0.13,60,0.2,True
1,1,35,35,0.773337,2.1136091600534703,2.1136091600534708,2.1136091600534708,419305,2.1136091600534708,True,2.1136091600534703,1278d5f9b364a2df,0.07,0.13,60,0.2,True
1,1,36,36,0.802254,2.1136091600534703,2.1136091600534708,2.1136091600534708,436814,2.1136091600534708,True,2.1136091600534703,1278d5f9b364a2df,0.07,0.13,60,0.2,True
1,1,37,37,0.832847,2.1136091600534703,2.1136091600534708,2.1136091600534708,454443,2.1136091600534708,True,2.1136091600534703,1278d5f9b364a2df,0.07,0.13,60,0.2,True
1,1,38,38,0.860218,2.1136091600534703,2.1136091600534708,2.1136091600534708,471810,2.1136091600534708,True,2.1136091600534703,1278d5f9b364a2df,0.07,0.13,60,0.2,True
1,1,39,39,0.888766,2.1136091600534703,2.1136091600534708,2.1136091600534708,488714,2.1136091600534708,True,2.1136091600534703,1278d5f9b364a2df,0.07,0.13,60,0.2,True
1,1,40,40,0.917493,2.1136091600534703,2.1136091600534708,2.1136091600534708,506709,2.1136091600534708,True,2.1136091600534703,1278d5f9b364a2df,0.07,0.13,60,0.2,True
1,1,41,41,0.948922,2.1136091600534703,2.1136091600534708,2.1136091600534708,524738,2.1136091600534708,True,2.1136091600534703,1278d5f9b364a2df,0.07,0.13,60,0.2,True
1,1,42,42,0.978092,2.1136091600534703,2.1136091600534708,2.1136091600534708,543332,2.1136091600534708,True,2.1136091600534703,1278d5f9b364a2df,0.07,0.13,60,0.2,True
1,1,43,43,1.007417,2.1136091600534703,2.1136091600534708,2.1136091600534708,560153,2.1136091600534708,True,2.1136091600534703,1278d5f9b364a2df,0.07,0.13,60,0.2,True
1,1,44,44,1.038934,2.1136091600534703,2.1136091600534708,2.1136091600534708,580766,2.1136091600534708,True,2.1136091600534703,1278d5f9b364a2df,0.07,0.13,60,0.2,True
1,1,45,45,1.073054,2.1136091600534703,2.1136091600534708,2.1136091600534708,602222,2.1136091600534708,True,2.1136091600534703,1278d5f9b364a2df,0.07,0.13,60,0.2,True
1,1,46,46,1.100235,2.1136091600534703,2.1136091600534708,2.1136091600534708,618711,2.1136091600534708,True,2.1136091600534703,1278d5f9b364a2df,0.07,0.13,60,0.2,True
1,1,47,47,1.129535,2.1136091600534703,2.1136091600534708,2.1136091600534708,635527,2.1136091600534708,True,2.1136091600534703,1278d5f9b364a2df,0.07,0.13,60,0.2,True
1,1,48,48,1.160316,2.1136091600534703,2.1136091600534708,2.1136091600534708,655880,2.1136091600534708,True,2.1136091600534703,1278d5f9b364a2df,0.07,0.13,60,0.2,True
1,1,49,49,1.194822,2.1136091600534703,2.1136091600534708,2.1136091600534708,677978,2.1136091600534708,True,2.1136091600534703,1278d5f9b364a2df,0.07,0.13,60,0.2,True
1,1,50,50,1.223542,2.1136091600534703,2.1136091600534708,2.1136091600534708,696262,2.1136091600534708,True,2.1136091600534703,1278d5f9b364a2df,0.07,0.13,60,0.2,True
1,1,51,51,1.253127,2.1136091600534703,2.1136091600534708,2.1136091600534708,713135,2.1136091600534708,True,2.1136091600534703,1278d5f9b364a2df,0.07,0.13,60,0.2,True
1,1,52,52,1.284125,2.1136091600534703,2.1136091600534708,2.1136091600534708,733109,2.1136091600534708,True,2.1136091600534703,1278d5f9b364a2df,0.07,0.13,60,0.2,True
1,1,54,53,1.313415,2.1136091600534703,2.1136091600534708,2.1136091600534708,751659,2.1136091600534708,True,2.1136091600534703,1278d5f9b364a2df,0.07,0.13,60,0.2,True
1,1,53,54,1.347995,2.1136091600534703,2.1136091600534708,2.1136091600534708,773175,2.1136091600534708,True,2.1136091600534703,1278d5f9b364a2df,0.07,0.13,60,0.2,True
1,1,56,55,1.376573,2.1136091600534703,2.1136091600534708,2.1136091600534708,790721,2.1136091600534708,True,2.1136091600534703,1278d5f9b364a2df,0.07,0.13,60,0.2,True
1,1,55,56,1.410174,2.1136091600534703,2.1136091600534708,2.1136091600534708,810514,2.1136091600534708,True,2.1136091600534703,1278d5f9b364a2df,0.07,0.13,60,0.2,True
1,1,57,57,1.439944,2.1136091600534703,2.1136091600534708,2.1136091600534708,829796,2.1136091600534708,True,2.1136091600534703,1278d5f9b364a2df,0.07,0.13,60,0.2,True
1,1,58,58,1.475531,2.1136091600534703,2.1136091600534708,2.1136091600534708,852631,2.1136091600534708,True,2.1136091600534703,1278d5f9b364a2df,0.07,0.13,60,0.2,True
1,1,59,59,1.505976,2.1136091600534703,2.1136091600534708,2.1136091600534708,870600,2.1136091600534708,True,2.1136091600534703,1278d5f9b364a2df,0.07,0.13,60,0.2,True
1,1,60,60,1.533763,2.1136091600534703,2.1136091600534708,2.1136091600534708,887751,2.1136091600534708,True,2.1136091600534703,1278d5f9b364a2df,0.07,0.13,60,0.2,True
1,1,61,61,1.565388,2.1136091600534703,2.1136091600534708,2.1136091600534708,906764,2.1136091600534708,True,2.1136091600534703,1278d5f9b364a2df,0.07,0.13,60,0.2,True
1,1,62,62,1.600390,2.1136122142570724,2.1136122142570724,2.1136122142570724,928950,2.1136122142570724,True,2.1136122142570724,e7c342a9ae5a7239,0.07,0.13,60,0.1,True
1,1,64,63,1.626678,2.1136122142570724,2.1136122142570724,2.1136122142570724,945322,2.1136122142570724,True,2.1136122142570724,e7c342a9ae5a7239,0.07,0.13,60,0.1,True
1,1,63,64,1.655761,2.1136122142570724,2.1136122142570724,2.1136122142570724,963149,2.1136122142570724,True,2.1136122142570724,e7c342a9ae5a7239,0.07,0.13,60,0.1,True
1,1,66,65,1.685820,2.1136122142570724,2.1136122142570724,2.1136122142570724,983244,2.1136122142570724,True,2.1136122142570724,e7c342a9ae5a7239,0.07,0.13,60,0.1,True
1,1,65,66,1.717082,2.1136122142570724,2.1136122142570724,2.1136122142570724,1002406,2.1136122142570724,True,2.1136122142570724,e7c342a9ae5a7239,0.07,0.13,60,0.1,True
1,1,68,67,1.746475,2.1136122142570724,2.1136122142570724,2.1136122142570724,1020295,2.1136122142570724,True,2.1136122142570724,e7c342a9ae5a7239,0.07,0.13,60,0.1,True
1,1,67,68,1.775340,2.1136122142570724,2.1136122142570724,2.1136122142570724,1036780,2.1136122142570724,True,2.1136122142570724,e7c342a9ae5a7239,0.07,0.13,60,0.1,True
1,1,69,69,1.811509,2.1136122142570724,2.1136122142570724,2.1136122142570724,1059625,2.1136122142570724,True,2.1136122142570724,e7c342a9ae5a7239,0.07,0.13,60,0.1,True
1,1,70,70,1.842303,2.1136122142570724,2.1136122142570724,2.1136122142570724,1079079,2.1136122142570724,True,2.1136122142570724,e7c342a9ae5a7239,0.07,0.13,60,0.1,True
1,1,71,71,1.870820,2.1136122142570724,2.1136122142570724,2.1136122142570724,1096904,2.1136122142570724,True,2.1136122142570724,e7c342a9ae5a7239,0.07,0.13,60,0.1,True
1,1,72,72,1.898190,2.1136122142570724,2.1136122142570724,2.1136122142570724,1113090,2.1136122142570724,True,2.1136122142570724,e7c342a9ae5a7239,0.07,0.13,60,0.1,True
1,1,73,73,1.930021,2.1136122142570724,2.1136122142570724,2.1136122142570724,1133521,2.1136122142570724,True,2.1136122142570724,e7c342a9ae5a7239,0.07,0.13,60,0.1,True
1,1,74,74,1.959017,2.1136122142570724,2.1136122142570724,2.1136122142570724,1152417,2.1136122142570724,True,2.1136122142570724,e7c342a9ae5a7239,0.07,0.13,60,0.1,True
1,1,75,75,1.990094,2.1136122142570724,2.1136122142570724,2.1136122142570724,1172306,2.1136122142570724,True,2.1136122142570724,e7c342a9ae5a7239,0.07,0.13,60,0.1,True
1,1,76,76,2.027126,2.1136122142570724,2.1136122142570724,2.1136122142570724,1197138,2.1136122142570724,True,2.1136122142570724,e7c342a9ae5a7239,0.07,0.13,60,0.1,True
1,1,77,77,2.060769,2.1136122142570724,2.1136122142570724,2.1136122142570724,1218089,2.1136122142570724,True,2.1136122142570724,e7c342a9ae5a7239,0.07,0.13,60,0.1,True
1,1,78,78,2.088926,2.1136122142570724,2.1136122142570724,2.1136122142570724,1234934,2.1136122142570724,True,2.1136122142570724,e7c342a9ae5a7239,0.07,0.13,60,0.1,True
1,1,79,79,2.116140,2.1136122142570724,2.1136122142570724,2.1136122142570724,1251620,2.1136122142570724,True,2.1136122142570724,e7c342a9ae5a7239,0.07,0.13,60,0.1,True
1,1,80,80,2.147865,2.1136122142570724,2.1136122142570724,2.1136122142570724,1271609,2.1136122142570724,True,2.1136122142570724,e7c342a9ae5a7239,0.07,0.13,60,0.1,True
1,1,81,81,2.179128,2.1136122142570724,2.1136122142570724,2.1136122142570724,1291328,2.1136122142570724,True,2.1136122142570724,e7c342a9ae5a7239,0.07,0.13,60,0.1,True
1,1,82,82,2.207810,2.1136122142570724,2.1136122142570724,2.1136122142570724,1309562,2.1136122142570724,True,2.1136122142570724,e7c342a9ae5a7239,0.07,0.13,60,0.1,True
1,1,83,83,2.245377,2.1136122142570724,2.1136122142570724,2.1136122142570724,1334805,2.1136122142570724,True,2.1136122142570724,e7c342a9ae5a7239,0.07,0.13,60,0.1,True
1,1,84,84,2.278823,2.1136122142570724,2.1136122142570724,2.1136122142570724,1356907,2.1136122142570724,True,2.1136122142570724,e7c342a9ae5a7239,0.07,0.13,60,0.1,True
1,1,85,85,2.312873,2.1136122142570724,2.1136122142570724,2.1136122142570724,1379205,2.1136122142570724,True,2.1136122142570724,e7c342a9ae5a7239,0.07,0.13,60,0.1,True
1,1,86,86,2.344164,2.1136122142570724,2.1136122142570724,2.1136122142570724,1398452,2.1136122142570724,True,2.1136122142570724,e7c342a9ae5a7239,0.07,0.13,60,0.1,True
1,1,87,87,2.382557,2.1136122142570724,2.1136122142570724,2.1136122142570724,1422477,2.1136122142570724,True,2.1136122142570724,e7c342a9ae5a7239,0.07,0.13,60,0.1,True
1,1,88,88,2.417871,2.1136122142570724,2.1136122142570724,2.1136122142570724,1445303,2.1136122142570724,True,2.1136122142570724,e7c342a9ae5a7239,0.07,0.13,60,0.1,True
1,1,89,89,2.452022,2.1136122142570724,2.1136122142570724,2.1136122142570724,1467562,2.1136122142570724,True,2.1136122142570724,e7c342a9ae5a7239,0.07,0.13,60,0.1,True
1,1,90,90,2.481091,2.1136122142570724,2.1136122142570724,2.1136122142570724,1486211,2.1136122142570724,True,2.1136122142570724,e7c342a9ae5a7239,0.07,0.13,60,0.1,True
1,1,91,91,2.517526,2.1136122142570724,2.1136122142570724,2.1136122142570724,1508742,2.1136122142570724,True,2.1136122142570724,e7c342a9ae5a7239,0.07,0.13,60,0.1,True
1,1,92,92,2.553663,2.1136122142570724,2.1136122142570724,2.1136122142570724,1531863,2.1136122142570724,True,2.1136122142570724,e7c342a9ae5a7239,0.07,0.13,60,0.1,True
1,1,93,93,2.584023,2.1136122142570724,2.1136122142570724,2.1136122142570724,1551743,2.1136122142570724,True,2.1136122142570724,e7c342a9ae5a7239,0.07,0.13,60,0.1,True
1,1,94,94,2.614744,2.1136122142570724,2.1136122142570724,2.1136122142570724,1570492,2.1136122142570724,True,2.1136122142570724,e7c342a9ae5a7239,0.07,0.13,60,0.1,True
1,1,95,95,2.650556,2.1137245711444286,2.1137245711444286,2.1137245711444286,1592772,2.1137245711444286,True,2.1137245711444286,a910c905faa33fbb,0.09,0.08,60,0.1,True
1,1,96,96,2.686677,2.1137245711444286,2.1137245711444286,2.1137245711444286,1616001,2.1137245711444286,True,2.1137245711444286,a910c905faa33fbb,0.09,0.08,60,0.1,True
1,1,97,97,2.722655,2.1137245711444286,2.1137245711444286,2.1137245711444286,1639219,2.1137245711444286,True,2.1137245711444286,a910c905faa33fbb,0.09,0.08,60,0.1,True
1,1,98,98,2.752198,2.1137245711444286,2.1137245711444286,2.1137245711444286,1658106,2.1137245711444286,True,2.1137245711444286,a910c905faa33fbb,0.09,0.08,60,0.1,True
1,1,99,99,2.785913,2.1717930944569264,2.1717930944569264,2.1717930944569264,1679721,2.1717930944569264,True,2.1717930944569264,c1ed0113e210aeaa,0.1,0.17,60,0.1,True
1,1,100,100,2.821423,2.1717930944569264,2.1717930944569264,2.1717930944569264,1702463,2.1717930944569264,True,2.1717930944569264,c1ed0113e210aeaa,0.1,0.17,60,0.1,True
1,2,2,101,2.839553,2.1717930944569264,2.1717930944569264,2.1717930944569264,1710781,2.1717930944569264,True,2.1717930944569264,c1ed0113e210aeaa,0.1,0.17,90,0.1,True
1,2,3,102,2.859953,2.1717930944569264,2.1717930944569264,2.1717930944569264,1719553,2.1717930944569264,True,2.1717930944569264,c1ed0113e210aeaa,0.1,0.17,90,0.1,True
1,2,4,103,2.878243,2.5969214268563787,2.5969214268563787,2.5969214268563787,1727903,2.5969214268563787,True,2.5969214268563787,f6b4eacd8314a28e,1.14,1.11,90,0.9,True
1,2,1,104,2.897828,2.5969214268563787,2.5969214268563787,2.5969214268563787,1736512,2.5969214268563787,True,2.5969214268563787,f6b4eacd8314a28e,1.14,1.11,90,0.9,True
1,2,5,105,2.917073,2.5969214268563787,2.5969214268563787,2.5969214268563787,1745053,2.5969214268563787,True,2.5969214268563787,f6b4eacd8314a28e,1.14,1.11,90,0.9,True
1,2,6,106,2.939674,2.6034130943736185,2.603413094373619,2.603413094373619,1753562,2.603413094373619,True,2.6034130943736185,4bd738e6e24f5196,50.36,36.63,90,18.4,True
1,2,8,107,2.964236,2.605858223996279,2.6058582239962784,2.6058582239962784,1762496,2.6058582239962784,True,2.605858223996279,c9fce7cba69f667f,39.99,14.37,90,12.4,True
1,2,7,108,2.986938,2.605858223996279,2.6058582239962784,2.6058582239962784,1771642,2.6058582239962784,True,2.605858223996279,c9fce7cba69f667f,39.99,14.37,90,12.4,True
1,2,9,109,3.011015,2.605858223996279,2.6058582239962784,2.6058582239962784,1783263,2.6058582239962784,True,2.605858223996279,c9fce7cba69f667f,39.99,14.37,90,12.4,True
1,2,10,110,3.039086,2.605858223996279,2.6058582239962784,2.6058582239962784,1793154,2.6058582239962784,True,2.605858223996279,c9fce7cba69f667f,39.99,14.37,90,12.4,True
1,2,12,111,3.069718,2.605858223996279,2.6058582239962784,2.6058582239962784,1806334,2.6058582239962784,True,2.605858223996279,c9fce7cba69f667f,39.99,14.37,90,12.4,True
1,2,11,112,3.097603,2.605858223996279,2.6058582239962784,2.6058582239962784,1819303,2.6058582239962784,True,2.605858223996279,c9fce7cba69f667f,39.99,14.37,90,12.4,True
1,2,13,113,3.124590,2.605858223996279,2.6058582239962784,2.6058582239962784,1831854,2.6058582239962784,True,2.605858223996279,c9fce7cba69f667f,39.99,14.37,90,12.4,True
1,2,14,114,3.148464,2.605858223996279,2.6058582239962784,2.6058582239962784,1845704,2.6058582239962784,True,2.605858223996279,c9fce7cba69f667f,39.99,14.37,90,12.4,True
1,2,15,115,3.182112,2.6066859192209515,2.606685919220951,2.606685919220951,1860236,2.606685919220951,True,2.6066859192209515,1ea92ecf7aef68a0,62.53,70.84,90,28.5,True
1,2,16,116,3.216616,2.6066859192209515,2.606685919220951,2.606685919220951,1878560,2.606685919220951,True,2.6066859192209515,1ea92ecf7aef68a0,62.53,70.84,90,28.5,True
1,2,17,117,3.247570,2.6066859192209515,2.606685919220951,2.606685919220951,1895246,2.606685919220951,True,2.6066859192209515,1ea92ecf7aef68a0,62.53,70.84,90,28.5,True
1,2,19,118,3.278669,2.6066859192209515,2.606685919220951,2.606685919220951,1912197,2.606685919220951,True,2.6066859192209515,1ea92ecf7aef68a0,62.53,70.84,90,28.5,True
1,2,18,119,3.305641,2.6066859192209515,2.606685919220951,2.606685919220951,1927857,2.606685919220951,True,2.6066859192209515,1ea92ecf7aef68a0,62.53,70.84,90,28.5,True
1,2,20,120,3.344281,2.6066859192209515,2.606685919220951,2.606685919220951,1948609,2.606685919220951,True,2.6066859192209515,1ea92ecf7aef68a0,62.53,70.84,90,28.5,True
1,2,22,121,3.384401,2.6066859192209515,2.606685919220951,2.606685919220951,1969473,2.606685919220951,True,2.6066859192209515,1ea92ecf7aef68a0,62.53,70.84,90,28.5,True
1,2,23,122,3.414575,2.6066859192209515,2.606685919220951,2.606685919220951,1988923,2.606685919220951,True,2.6066859192209515,1ea92ecf7aef68a0,62.53,70.84,90,28.5,True
1,2,21,123,3.458183,2.6066859192209515,2.606685919220951,2.606685919220951,2012199,2.606685919220951,True,2.6066859192209515,1ea92ecf7aef68a0,62.53,70.84,90,28.5,True
1,2,24,124,3.488130,2.6066859192209515,2.606685919220951,2.606685919220951,2030638,2.606685919220951,True,2.6066859192209515,1ea92ecf7aef68a0,62.53,70.84,90,28.5,True
1,2,25,125,3.529856,2.6066859192209515,2.606685919220951,2.606685919220951,2055316,2.606685919220951,True,2.6066859192209515,1ea92ecf7aef68a0,62.53,70.84,90,28.5,True
1,2,26,126,3.575830,2.6066859192209515,2.606685919220951,2.606685919220951,2082102,2.606685919220951,True,2.6066859192209515,1ea92ecf7aef68a0,62.53,70.84,90,28.5,True
1,2,27,127,3.613348,2.6066859192209515,2.606685919220951,2.606685919220951,2104536,2.606685919220951,True,2.6066859192209515,1ea92ecf7aef68a0,62.53,70.84,90,28.5,True
1,2,28,128,3.655911,2.6066859192209515,2.606685919220951,2.606685919220951,2131319,2.606685919220951,True,2.6066859192209515,1ea92ecf7aef68a0,62.53,70.84,90,28.5,True
1,2,29,129,3.688348,2.6066859192209515,2.606685919220951,2.606685919220951,2152140,2.606685919220951,True,2.6066859192209515,1ea92ecf7aef68a0,62.53,70.84,90,28.5,True
1,2,30,130,3.735754,2.6066859192209515,2.606685919220951,2.606685919220951,2180950,2.606685919220951,True,2.6066859192209515,1ea92ecf7aef68a0,62.53,70.84,90,28.5,True
1,2,31,131,3.781311,2.6066859192209515,2.606685919220951,2.606685919220951,2211183,2.606685919220951,True,2.6066859192209515,1ea92ecf7aef68a0,62.53,70.84,90,28.5,True
1,2,32,132,3.818587,2.6066859192209515,2.606685919220951,2.606685919220951,2234251,2.606685919220951,True,2.6066859192209515,1ea92ecf7aef68a0,62.53,70.84,90,28.5,True
1,2,33,133,3.863565,2.6066859192209515,2.606685919220951,2.606685919220951,2263193,2.606685919220951,True,2.6066859192209515,1ea92ecf7aef68a0,62.53,70.84,90,28.5,True
1,2,34,134,3.901724,2.6066859192209515,2.606685919220951,2.606685919220951,2286824,2.606685919220951,True,2.6066859192209515,1ea92ecf7aef68a0,62.53,70.84,90,28.5,True
1,2,35,135,3.954631,2.6066859192209515,2.606685919220951,2.606685919220951,2320399,2.606685919220951,True,2.6066859192209515,1ea92ecf7aef68a0,62.53,70.84,90,28.5,True
1,2,36,136,4.008192,2.6066859192209515,2.606685919220951,2.606685919220951,2352140,2.606685919220951,True,2.6066859192209515,1ea92ecf7aef68a0,62.53,70.84,90,28.5,True
1,2,37,137,4.049483,2.6066859192209515,2.606685919220951,2.606685919220951,2377211,2.606685919220951,True,2.6066859192209515,1ea92ecf7aef68a0,62.53,70.84,90,28.5,True
1,2,38,138,4.086613,2.6066859192209515,2.606685919220951,2.606685919220951,2403025,2.606685919220951,True,2.6066859192209515,1ea92ecf7aef68a0,62.53,70.84,360,28.5,True
1,2,40,139,4.121354,2.6066859192209515,2.606685919220951,2.606685919220951,2426530,2.606685919220951,True,2.6066859192209515,1ea92ecf7aef68a0,62.53,70.84,360,28.5,True
1,2,41,140,4.165025,2.6066859192209515,2.606685919220951,2.606685919220951,2455201,2.606685919220951,True,2.6066859192209515,1ea92ecf7aef68a0,62.53,70.84,360,28.5,True
1,2,39,141,4.216636,2.6066859192209515,2.606685919220951,2.606685919220951,2486552,2.606685919220951,True,2.6066859192209515,1ea92ecf7aef68a0,62.53,70.84,360,28.5,True
1,2,42,142,4.264412,2.6066859192209515,2.606685919220951,2.606685919220951,2519508,2.606685919220951,True,2.6066859192209515,1ea92ecf7aef68a0,62.53,70.84,360,28.5,True
1,2,43,143,4.302790,2.6066859192209515,2.606685919220951,2.606685919220951,2546418,2.606685919220951,True,2.6066859192209515,1ea92ecf7aef68a0,62.53,70.84,360,28.5,True
1,2,44,144,4.339466,2.6066859192209515,2.606685919220951,2.606685919220951,2570310,2.606685919220951,True,2.6066859192209515,1ea92ecf7aef68a0,62.53,70.84,360,28.5,True
1,2,46,145,4.391789,2.6066859192209515,2.606685919220951,2.606685919220951,2604769,2.606685919220951,True,2.6066859192209515,1ea92ecf7aef68a0,62.53,70.84,360,28.5,True
1,2,47,146,4.438126,2.6066859192209515,2.606685919220951,2.606685919220951,2636670,2.606685919220951,True,2.6066859192209515,1ea92ecf7aef68a0,62.53,70.84,360,28.5,True
1,2,48,147,4.474225,2.6066859192209515,2.606685919220951,2.606685919220951,2660193,2.606685919220951,True,2.6066859192209515,1ea92ecf7aef68a0,62.53,70.84,360,28.5,True
1,2,49,148,4.510287,2.6066859192209515,2.606685919220951,2.606685919220951,2683767,2.606685919220951,True,2.6066859192209515,1ea92ecf7aef68a0,62.53,70.84,360,28.5,True
1,2,50,149,4.568980,2.6066859192209515,2.606685919220951,2.606685919220951,2722400,2.606685919220951,True,2.6066859192209515,1ea92ecf7aef68a0,62.53,70.84,360,28.5,True
1,2,51,150,4.620180,2.6066859192209515,2.606685919220951,2.606685919220951,2754436,2.606685919220951,True,2.6066859192209515,1ea92ecf7aef68a0,62.53,70.84,360,28.5,True
1,2,52,151,4.662814,2.6066859192209515,2.606685919220951,2.606685919220951,2781874,2.606685919220951,True,2.6066859192209515,1ea92ecf7aef68a0,62.53,70.84,360,28.5,True
1,2,45,152,4.718258,2.6066859192209515,2.606685919220951,2.606685919220951,2813842,2.606685919220951,True,2.6066859192209515,1ea92ecf7aef68a0,62.53,70.84,360,28.5,True
1,2,53,153,4.757849,2.6066859192209515,2.606685919220951,2.606685919220951,2839869,2.606685919220951,True,2.6066859192209515,1ea92ecf7aef68a0,62.53,70.84,360,28.5,True
1,2,55,154,4.813828,2.6066859192209515,2.606685919220951,2.606685919220951,2876488,2.606685919220951,True,2.6066859192209515,1ea92ecf7aef68a0,62.53,70.84,360,28.5,True
1,2,56,155,4.854273,2.6066859192209515,2.606685919220951,2.606685919220951,2901089,2.606685919220951,True,2.6066859192209515,1ea92ecf7aef68a0,62.53,70.84,360,28.5,True
1,2,54,156,4.913520,2.6066859192209515,2.606685919220951,2.606685919220951,2941204,2.606685919220951,True,2.6066859192209515,1ea92ecf7aef68a0,62.53,70.84,360,28.5,True
1,2,57,157,4.965184,2.6066859192209515,2.606685919220951,2.606685919220951,2972876,2.606685919220951,True,2.6066859192209515,1ea92ecf7aef68a0,62.53,70.84,360,28.5,True
1,2,59,158,5.019846,2.6066859192209515,2.606685919220951,2.606685919220951,3009974,2.606685919220951,True,2.6066859192209515,1ea92ecf7aef68a0,62.53,70.84,360,28.5,True
1,2,60,159,5.064085,2.6066859192209515,2.606685919220951,2.606685919220951,3038657,2.606685919220951,True,2.6066859192209515,1ea92ecf7aef68a0,62.53,70.84,360,28.5,True
1,2,61,160,5.123153,2.6066859192209515,2.606685919220951,2.606685919220951,3077481,2.606685919220951,True,2.6066859192209515,1ea92ecf7aef68a0,62.53,70.84,360,28.5,True
1,2,58,161,5.166010,2.6066859192209515,2.606685919220951,2.606685919220951,3104234,2.606685919220951,True,2.6066859192209515,1ea92ecf7aef68a0,62.53,70.84,360,28.5,True
1,2,62,162,5.214398,2.6066859192209515,2.606685919220951,2.606685919220951,3135190,2.606685919220951,True,2.6066859192209515,1ea92ecf7aef68a0,62.53,70.84,360,28.5,True
1,2,63,163,5.276065,2.6066859192209515,2.606685919220951,2.606685919220951,3175069,2.606685919220951,True,2.6066859192209515,1ea92ecf7aef68a0,62.53,70.84,360,28.5,True
1,2,65,164,5.331169,2.6066859192209515,2.606685919220951,2.606685919220951,3210121,2.606685919220951,True,2.6066859192209515,1ea92ecf7aef68a0,62.53,70.84,360,28.5,True
1,2,66,165,5.372555,2.6066859192209515,2.606685919220951,2.606685919220951,3237959,2.606685919220951,True,2.6066859192209515,1ea92ecf7aef68a0,62.53,70.84,360,28.5,True
1,2,67,166,5.426901,2.6066859192209515,2.606685919220951,2.606685919220951,3270257,2.606685919220951,True,2.6066859192209515,1ea92ecf7aef68a0,62.53,70.84,360,28.5,True
1,2,68,167,5.486053,2.6066859192209515,2.606685919220951,2.606685919220951,3311061,2.606685919220951,True,2.6066859192209515,1ea92ecf7aef68a0,62.53,70.84,360,28.5,True
1,2,64,168,5.529378,2.6117320995173894,2.611732099517389,2.611732099517389,3339930,2.611732099517389,True,2.6117320995173894,8fcf20c1901dab50,125.07,123.96,360,147.9,False
1,2,69,169,5.590791,2.6117320995173894,2.611732099517389,2.611732099517389,3380595,2.611732099517389,True,2.6117320995173894,8fcf20c1901dab50,125.07,123.96,360,147.9,False
1,2,71,170,5.640115,2.6117320995173894,2.611732099517389,2.611732099517389,3412027,2.611732099517389,True,2.6117320995173894,8fcf20c1901dab50,125.07,123.96,360,147.9,False
1,2,70,171,5.705124,2.6117320995173894,2.611732099517389,2.611732099517389,3455400,2.611732099517389,True,2.6117320995173894,8fcf20c1901dab50,125.07,123.96,360,147.9,False
1,2,72,172,5.763564,2.6117320995173894,2.611732099517389,2.611732099517389,3494484,2.611732099517389,True,2.6117320995173894,8fcf20c1901dab50,125.07,123.96,360,147.9,False
1,2,74,173,5.823717,2.6117320995173894,2.611732099517389,2.611732099517389,3533653,2.611732099517389,True,2.6117320995173894,8fcf20c1901dab50,125.07,123.96,360,147.9,False
1,2,75,174,5.874178,2.6117320995173894,2.611732099517389,2.611732099517389,3565622,2.611732099517389,True,2.6117320995173894,8fcf20c1901dab50,125.07,123.96,360,147.9,False
1,2,73,175,5.914989,2.6117320995173894,2.611732099517389,2.611732099517389,3591917,2.611732099517389,True,2.6117320995173894,8fcf20c1901dab50,125.07,123.96,360,147.9,False
1,2,77,176,5.973834,2.6117320995173894,2.611732099517389,2.611732099517389,3632382,2.611732099517389,True,2.6117320995173894,8fcf20c1901dab50,125.07,123.96,360,147.9,False
1,2,76,177,6.020777,2.6117320995173894,2.611732099517389,2.611732099517389,3664917,2.611732099517389,True,2.6117320995173894,8fcf20c1901dab50,125.07,123.96,360,147.9,False
1,2,79,178,6.077364,2.6117320995173894,2.611732099517389,2.611732099517389,3699952,2.611732099517389,True,2.6117320995173894,8fcf20c1901dab50,125.07,123.96,360,147.9,False
1,2,78,179,6.142997,2.6117320995173894,2.611732099517389,2.611732099517389,3741329,2.611732099517389,True,2.6117320995173894,8fcf20c1901dab50,125.07,123.96,360,147.9,False
1,2,80,180,6.189963,2.6117320995173894,2.611732099517389,2.611732099517389,3772243,2.611732099517389,True,2.6117320995173894,8fcf20c1901dab50,125.07,123.96,360,147.9,False
1,2,81,181,6.256891,2.6117320995173894,2.611732099517389,2.611732099517389,3814291,2.611732099517389,True,2.6117320995173894,8fcf20c1901dab50,125.07,123.96,360,147.9,False
1,2,83,182,6.313878,2.6117320995173894,2.611732099517389,2.611732099517389,3849170,2.611732099517389,True,2.6117320995173894,8fcf20c1901dab50,125.07,123.96,360,147.9,False
1,2,84,183,6.380220,2.6117320995173894,2.611732099517389,2.611732099517389,3891860,2.611732099517389,True,2.6117320995173894,8fcf20c1901dab50,125.07,123.96,360,147.9,False
1,2,85,184,6.420396,2.6117320995173894,2.611732099517389,2.611732099517389,3919308,2.611732099517389,True,2.6117320995173894,8fcf20c1901dab50,125.07,123.96,360,147.9,False
1,2,86,185,6.487857,2.6117320995173894,2.611732099517389,2.611732099517389,3962325,2.611732099517389,True,2.6117320995173894,8fcf20c1901dab50,125.07,123.96,360,147.9,False
1,2,87,186,6.541970,2.6117320995173894,2.611732099517389,2.611732099517389,3999022,2.611732099517389,True,2.6117320995173894,8fcf20c1901dab50,125.07,123.96,360,147.9,False
1,2,88,187,6.599897,2.6117320995173894,2.611732099517389,2.611732099517389,4036245,2.611732099517389,True,2.6117320995173894,8fcf20c1901dab50,125.07,123.96,360,147.9,False
1,2,89,188,6.640480,2.6117320995173894,2.611732099517389,2.611732099517389,4063976,2.611732099517389,True,2.6117320995173894,8fcf20c1901dab50,125.07,123.96,360,147.9,False
1,2,82,189,6.686767,2.6117320995173894,2.611732099517389,2.611732099517389,4096335,2.611732099517389,True,2.6117320995173894,8fcf20c1901dab50,125.07,123.96,360,147.9,False
1,2,90,190,6.755988,2.6117320995173894,2.611732099517389,2.611732099517389,4140340,2.611732099517389,True,2.6117320995173894,8fcf20c1901dab50,125.07,123.96,360,147.9,False
1,2,91,191,6.824821,2.6117320995173894,2.611732099517389,2.611732099517389,4179981,2.611732099517389,True,2.6117320995173894,8fcf20c1901dab50,125.07,123.96,360,147.9,False
1,2,93,192,6.875924,2.6117320995173894,2.611732099517389,2.611732099517389,4211704,2.611732099517389,True,2.6117320995173894,8fcf20c1901dab50,125.07,123.96,360,147.9,False
1,2,92,193,6.942851,2.6117320995173894,2.611732099517389,2.611732099517389,4254923,2.611732099517389,True,2.6117320995173894,8fcf20c1901dab50,125.07,123.96,360,147.9,False
1,2,95,194,7.010646,2.6117320995173894,2.611732099517389,2.611732099517389,4297426,2.611732099517389,True,2.6117320995173894,8fcf20c1901dab50,125.07,123.96,360,147.9,False
1,2,96,195,7.070138,2.6117320995173894,2.611732099517389,2.611732099517389,4334126,2.611732099517389,True,2.6117320995173894,8fcf20c1901dab50,125.07,123.96,360,147.9,False
1,2,94,196,7.123141,2.6117320995173894,2.611732099517389,2.611732099517389,4366521,2.611732099517389,True,2.6117320995173894,8fcf20c1901dab50,125.07,123.96,360,147.9,False
1,2,97,197,7.167757,2.6117320995173894,2.611732099517389,2.611732099517389,4396837,2.611732099517389,True,2.6117320995173894,8fcf20c1901dab50,125.07,123.96,360,147.9,False
1,2,98,198,7.239044,2.6117320995173894,2.611732099517389,2.611732099517389,4444128,2.611732099517389,True,2.6117320995173894,8fcf20c1901dab50,125.07,123.96,360,147.9,False
1,2,99,200,7.368908,2.6117320995173894,2.611732099517389,2.611732099517389,4527704,2.611732099517389,True,2.6117320995173894,8fcf20c1901dab50,125.07,123.96,360,147.9,False
1,2,100,200,7.368908,2.6117320995173894,2.611732099517389,2.611732099517389,4527704,2.611732099517389,True,2.6117320995173894,8fcf20c1901dab50,125.07,123.96,360,147.9,False
2,1,0,0,0.000000,0.9597642169962064,0.9597652169962063,0.9597652169962063,0,0.0,False,0.9597642169962064,9d87e817e4039a01,0.06,0.06,60,0.0,True
2,1,2,1,0.013832,1.5613517605921579,1.5613552605921575,1.5613552605921575,5216,0.0,False,1.5613517605921579,a9a1e2d2616ca37a,0.06,0.12,60,0.1,True
2,1,1,2,0.028529,1.5613517605921579,1.5613552605921575,1.5613552605921575,10605,0.0,False,1.5613517605921579,a9a1e2d2616ca37a,0.06,0.12,60,0.1,True
2,1,3,3,0.040566,1.5613517605921579,1.5613552605921575,1.5613552605921575,15462,0.0,False,1.5613517605921579,a9a1e2d2616ca37a,0.06,0.12,60,0.1,True
2,1,4,4,0.055198,1.5613517605921579,1.5613552605921575,1.5613552605921575,20838,0.0,False,1.5613517605921579,a9a1e2d2616ca37a,0.06,0.12,60,0.1,True
2,1,5,5,0.071793,1.5613517605921579,1.5613552605921575,1.5613552605921575,27521,0.0,False,1.5613517605921579,a9a1e2d2616ca37a,0.06,0.12,60,0.1,True
2,1,6,6,0.088741,1.5613517605921579,1.5613552605921575,1.5613552605921575,34997,0.0,False,1.5613517605921579,a9a1e2d2616ca37a,0.06,0.12,60,0.1,True
2,1,7,7,0.103352,1.5613517605921579,1.5613552605921575,1.5613552605921575,40808,0.0,False,1.5613517605921579,a9a1e2d2616ca37a,0.06,0.12,60,0.1,True
2,1,8,8,0.119980,1.5613517605921579,1.5613552605921575,1.5613552605921575,47656,0.0,False,1.5613517605921579,a9a1e2d2616ca37a,0.06,0.12,60,0.1,True
2,1,9,9,0.140317,1.5613517605921579,1.5613552605921575,1.5613552605921575,56857,0.0,False,1.5613517605921579,a9a1e2d2616ca37a,0.06,0.12,60,0.1,True
2,1,10,10,0.159984,1.7785598732263557,1.7785598732263557,1.7785598732263557,66672,1.7785598732263557,True,1.7785598732263557,925fdfb246deda0e,0.06,0.11,60,0.1,True
2,1,11,11,0.178582,1.7785598732263557,1.7785598732263557,1.7785598732263557,75058,1.7785598732263557,True,1.7785598732263557,925fdfb246deda0e,0.06,0.11,60,0.1,True
2,1,12,12,0.198288,1.7785598732263557,1.7785598732263557,1.7785598732263557,84620,1.7785598732263557,True,1.7785598732263557,925fdfb246deda0e,0.06,0.11,60,0.1,True
2,1,13,13,0.220101,1.7785598732263557,1.7785598732263557,1.7785598732263557,96669,1.7785598732263557,True,1.7785598732263557,925fdfb246deda0e,0.06,0.11,60,0.1,True
2,1,14,14,0.243780,1.7908577584756928,1.7908577584756928,1.7908577584756928,109688,1.7908577584756928,True,1.7908577584756928,1fa056186eeea530,0.07,0.18,60,0.1,True
2,1,15,15,0.264698,1.7908577584756928,1.7908577584756928,1.7908577584756928,120542,1.7908577584756928,True,1.7908577584756928,1fa056186eeea530,0.07,0.18,60,0.1,True
2,1,17,16,0.287953,1.893802381577327,1.8938043815773271,1.8938043815773271,134193,0.0,False,1.893802381577327,e9a7339b29c60473,0.06,0.06,60,0.1,True
2,1,16,17,0.311476,1.893802381577327,1.8938043815773271,1.8938043815773271,146468,0.0,False,1.893802381577327,e9a7339b29c60473,0.06,0.06,60,0.1,True
2,1,18,18,0.334607,1.893802381577327,1.8938043815773271,1.8938043815773271,158843,0.0,False,1.893802381577327,e9a7339b29c60473,0.06,0.06,60,0.1,True
2,1,19,19,0.357613,1.893802381577327,1.8938043815773271,1.8938043815773271,171601,0.0,False,1.893802381577327,e9a7339b29c60473,0.06,0.06,60,0.1,True
2,1,20,20,0.382589,1.893802381577327,1.8938043815773271,1.8938043815773271,185449,0.0,False,1.893802381577327,e9a7339b29c60473,0.06,0.06,60,0.1,True
2,1,21,21,0.407315,1.893802381577327,1.8938043815773271,1.8938043815773271,199915,0.0,False,1.893802381577327,e9a7339b29c60473,0.06,0.06,60,0.1,True
2,1,23,22,0.432270,1.893802381577327,1.8938043815773271,1.8938043815773271,214782,0.0,False,1.893802381577327,e9a7339b29c60473,0.06,0.06,60,0.1,True
2,1,22,23,0.460400,1.893802381577327,1.8938043815773271,1.8938043815773271,230652,0.0,False,1.893802381577327,e9a7339b29c60473,0.06,0.06,60,0.1,True
2,1,24,24,0.486238,1.893802381577327,1.8938043815773271,1.8938043815773271,246726,0.0,False,1.893802381577327,e9a7339b29c60473,0.06,0.06,60,0.1,True
2,1,25,25,0.513667,1.893802381577327,1.8938043815773271,1.8938043815773271,263659,0.0,False,1.893802381577327,e9a7339b29c60473,0.06,0.06,60,0.1,True
2,1,26,26,0.538920,1.893802381577327,1.8938043815773271,1.8938043815773271,278872,0.0,False,1.893802381577327,e9a7339b29c60473,0.06,0.06,60,0.1,True
2,1,27,27,0.564719,1.893802381577327,1.8938043815773271,1.8938043815773271,294119,0.0,False,1.893802381577327,e9a7339b29c60473,0.06,0.06,60,0.1,True
2,1,28,28,0.593684,1.893802381577327,1.8938043815773271,1.8938043815773271,310704,0.0,False,1.893802381577327,e9a7339b29c60473,0.06,0.06,60,0.1,True
2,1,29,29,0.623376,1.893802381577327,1.8938043815773271,1.8938043815773271,329916,0.0,False,1.893802381577327,e9a7339b29c60473,0.06,0.06,60,0.1,True
2,1,30,30,0.651488,1.893802381577327,1.8938043815773271,1.8938043815773271,346432,0.0,False,1.893802381577327,e9a7339b29c60473,0.06,0.06,60,0.1,True
2,1,31,31,0.678378,1.893802381577327,1.8938043815773271,1.8938043815773271,362338,0.0,False,1.893802381577327,e9a7339b29c60473,0.06,0.06,60,0.1,True
2,1,32,32,0.706818,1.893802381577327,1.8938043815773271,1.8938043815773271,379118,0.0,False,1.893802381577327,e9a7339b29c60473,0.06,0.06,60,0.1,True
2,1,33,33,0.736402,1.893802381577327,1.8938043815773271,1.8938043815773271,396250,0.0,False,1.893802381577327,e9a7339b29c60473,0.06,0.06,60,0.1,True
2,1,34,34,0.764170,1.893802381577327,1.8938043815773271,1.8938043815773271,413422,0.0,False,1.893802381577327,e9a7339b29c60473,0.06,0.06,60,0.1,True
2,1,35,35,0.789519,1.893802381577327,1.8938043815773271,1.8938043815773271,428347,0.0,False,1.893802381577327,e9a7339b29c60473,0.06,0.06,60,0.1,True
2,1,36,36,0.820247,1.893802381577327,1.8938043815773271,1.8938043815773271,447175,0.0,False,1.893802381577327,e9a7339b29c60473,0.06,0.06,60,0.1,True
2,1,37,37,0.848038,1.893802381577327,1.8938043815773271,1.8938043815773271,464022,0.0,False,1.893802381577327,e9a7339b29c60473,0.06,0.06,60,0.1,True
2,1,39,38,0.878778,1.893802381577327,1.8938043815773271,1.8938043815773271,483378,0.0,False,1.893802381577327,e9a7339b29c60473,0.06,0.06,60,0.1,True
2,1,38,39,0.905773,1.893802381577327,1.8938043815773271,1.8938043815773271,500097,0.0,False,1.893802381577327,e9a7339b29c60473,0.06,0.06,60,0.1,True
2,1,40,40,0.931990,1.9492161545822153,1.949216154582215,1.949216154582215,516354,1.949216154582215,True,1.9492161545822153,a2b336fafe0570a0,0.06,0.12,60,0.1,True
2,1,41,41,0.963227,1.9492161545822153,1.949216154582215,1.949216154582215,535523,1.949216154582215,True,1.9492161545822153,a2b336fafe0570a0,0.06,0.12,60,0.1,True
2,1,42,42,0.991109,1.9492161545822153,1.949216154582215,1.949216154582215,552689,1.949216154582215,True,1.9492161545822153,a2b336fafe0570a0,0.06,0.12,60,0.1,True
2,1,43,43,1.019891,1.9492161545822153,1.949216154582215,1.949216154582215,569503,1.949216154582215,True,1.9492161545822153,a2b336fafe0570a0,0.06,0.12,60,0.1,True
2,1,44,44,1.053235,2.2705600167956392,2.2705600167956397,2.2705600167956397,589371,2.2705600167956397,True,2.2705600167956392,e2b181b169e110cf,0.05,0.1,60,0.1,True
2,1,45,45,1.083241,2.2705600167956392,2.2705600167956397,2.2705600167956397,608345,2.2705600167956397,True,2.2705600167956392,e2b181b169e110cf,0.05,0.1,60,0.1,True
2,1,46,46,1.116562,2.2705600167956392,2.2705600167956397,2.2705600167956397,628234,2.2705600167956397,True,2.2705600167956392,e2b181b169e110cf,0.05,0.1,60,0.1,True
2,1,47,47,1.143721,2.2705600167956392,2.2705600167956397,2.2705600167956397,645121,2.2705600167956397,True,2.2705600167956392,e2b181b169e110cf,0.05,0.1,60,0.1,True
2,1,48,48,1.176822,2.2705600167956392,2.2705600167956397,2.2705600167956397,665518,2.2705600167956397,True,2.2705600167956392,e2b181b169e110cf,0.05,0.1,60,0.1,True
2,1,49,49,1.204546,2.2705600167956392,2.2705600167956397,2.2705600167956397,682490,2.2705600167956397,True,2.2705600167956392,e2b181b169e110cf,0.05,0.1,60,0.1,True
2,1,51,50,1.232997,2.2705600167956392,2.2705600167956397,2.2705600167956397,699225,2.2705600167956397,True,2.2705600167956392,e2b181b169e110cf,0.05,0.1,60,0.1,True
2,1,50,51,1.265356,2.2705600167956392,2.2705600167956397,2.2705600167956397,718632,2.2705600167956397,True,2.2705600167956392,e2b181b169e110cf,0.05,0.1,60,0.1,True
2,1,53,52,1.292963,2.2705600167956392,2.2705600167956397,2.2705600167956397,735559,2.2705600167956397,True,2.2705600167956392,e2b181b169e110cf,0.05,0.1,60,0.1,True
2,1,54,54,1.357808,2.2705600167956392,2.2705600167956397,2.2705600167956397,774084,2.2705600167956397,True,2.2705600167956392,e2b181b169e110cf,0.05,0.1,60,0.1,True
2,1,55,55,1.384249,2.2705600167956392,2.2705600167956397,2.2705600167956397,790489,2.2705600167956397,True,2.2705600167956392,e2b181b169e110cf,0.05,0.1,60,0.1,True
2,1,56,56,1.416016,2.2705600167956392,2.2705600167956397,2.2705600167956397,810184,2.2705600167956397,True,2.2705600167956392,e2b181b169e110cf,0.05,0.1,60,0.1,True
2,1,57,57,1.442575,2.2705600167956392,2.2705600167956397,2.2705600167956397,827051,2.2705600167956397,True,2.2705600167956392,e2b181b169e110cf,0.05,0.1,60,0.1,True
2,1,58,58,1.474264,2.2705600167956392,2.2705600167956397,2.2705600167956397,846608,2.2705600167956397,True,2.2705600167956392,e2b181b169e110cf,0.05,0.1,60,0.1,True
2,1,59,59,1.505256,2.2705600167956392,2.2705600167956397,2.2705600167956397,866736,2.2705600167956397,True,2.2705600167956392,e2b181b169e110cf,0.05,0.1,60,0.1,True
2,1,60,60,1.538198,2.2705600167956392,2.2705600167956397,2.2705600167956397,886942,2.2705600167956397,True,2.2705600167956392,e2b181b169e110cf,0.05,0.1,60,0.1,True
2,1,61,61,1.571539,2.2705600167956392,2.2705600167956397,2.2705600167956397,907095,2.2705600167956397,True,2.2705600167956392,e2b181b169e110cf,0.05,0.1,60,0.1,True
2,1,62,62,1.601356,2.2705600167956392,2.2705600167956397,2.2705600167956397,924884,2.2705600167956397,True,2.2705600167956392,e2b181b169e110cf,0.05,0.1,60,0.1,True
2,1,63,63,1.632565,2.2705600167956392,2.2705600167956397,2.2705600167956397,944321,2.2705600167956397,True,2.2705600167956392,e2b181b169e110cf,0.05,0.1,60,0.1,True
2,1,65,64,1.664143,2.2705600167956392,2.2705600167956397,2.2705600167956397,965163,2.2705600167956397,True,2.2705600167956392,e2b181b169e110cf,0.05,0.1,60,0.1,True
2,1,64,65,1.699903,2.2705600167956392,2.2705600167956397,2.2705600167956397,986407,2.2705600167956397,True,2.2705600167956392,e2b181b169e110cf,0.05,0.1,60,0.1,True
2,1,67,66,1.729986,2.2705600167956392,2.2705600167956397,2.2705600167956397,1005650,2.2705600167956397,True,2.2705600167956392,e2b181b169e110cf,0.05,0.1,60,0.1,True
2,1,66,67,1.760121,2.2705600167956392,2.2705600167956397,2.2705600167956397,1023861,2.2705600167956397,True,2.2705600167956392,e2b181b169e110cf,0.05,0.1,60,0.1,True
2,1,69,68,1.795466,2.2705600167956392,2.2705600167956397,2.2705600167956397,1045262,2.2705600167956397,True,2.2705600167956392,e2b181b169e110cf,0.05,0.1,60,0.1,True
2,1,68,69,1.829392,2.2705600167956392,2.2705600167956397,2.2705600167956397,1066924,2.2705600167956397,True,2.2705600167956392,e2b181b169e110cf,0.05,0.1,60,0.1,True
2,1,70,70,1.861857,2.2705600167956392,2.2705600167956397,2.2705600167956397,1086709,2.2705600167956397,True,2.2705600167956392,e2b181b169e110cf,0.05,0.1,60,0.1,True
2,1,71,71,1.892709,2.2705600167956392,2.2705600167956397,2.2705600167956397,1105453,2.2705600167956397,True,2.2705600167956392,e2b181b169e110cf,0.05,0.1,60,0.1,True
2,1,72,72,1.926649,2.2705600167956392,2.2705600167956397,2.2705600167956397,1127001,2.2705600167956397,True,2.2705600167956392,e2b181b169e110cf,0.05,0.1,60,0.1,True
2,1,73,73,1.961625,2.2705600167956392,2.2705600167956397,2.2705600167956397,1149225,2.2705600167956397,True,2.2705600167956392,e2b181b169e110cf,0.05,0.1,60,0.1,True
2,1,74,74,1.993313,2.2705600167956392,2.2705600167956397,2.2705600167956397,1168845,2.2705600167956397,True,2.2705600167956392,e2b181b169e110cf,0.05,0.1,60,0.1,True
2,1,75,75,2.029413,2.2705600167956392,2.2705600167956397,2.2705600167956397,1191477,2.2705600167956397,True,2.2705600167956392,e2b181b169e110cf,0.05,0.1,60,0.1,True
2,1,76,76,2.064393,2.2705600167956392,2.2705600167956397,2.2705600167956397,1213101,2.2705600167956397,True,2.2705600167956392,e2b181b169e110cf,0.05,0.1,60,0.1,True
2,1,77,77,2.098318,2.2705600167956392,2.2705600167956397,2.2705600167956397,1235258,2.2705600167956397,True,2.2705600167956392,e2b181b169e110cf,0.05,0.1,60,0.1,True
2,1,78,78,2.127276,2.2705600167956392,2.2705600167956397,2.2705600167956397,1254332,2.2705600167956397,True,2.2705600167956392,e2b181b169e110cf,0.05,0.1,60,0.1,True
2,1,79,79,2.159484,2.2705600167956392,2.2705600167956397,2.2705600167956397,1274740,2.2705600167956397,True,2.2705600167956392,e2b181b169e110cf,0.05,0.1,60,0.1,True
2,1,80,80,2.193330,2.2705600167956392,2.2705600167956397,2.2705600167956397,1296246,2.2705600167956397,True,2.2705600167956392,e2b181b169e110cf,0.05,0.1,60,0.1,True
2,1,81,81,2.225339,2.2705600167956392,2.2705600167956397,2.2705600167956397,1318115,2.2705600167956397,True,2.2705600167956392,e2b181b169e110cf,0.05,0.1,60,0.1,True
2,1,82,82,2.257565,2.2705600167956392,2.2705600167956397,2.2705600167956397,1337709,2.2705600167956397,True,2.2705600167956392,e2b181b169e110cf,0.05,0.1,60,0.1,True
2,1,83,83,2.291383,2.2705600167956392,2.2705600167956397,2.2705600167956397,1359475,2.2705600167956397,True,2.2705600167956392,e2b181b169e110cf,0.05,0.1,60,0.1,True
2,1,85,84,2.321969,2.2705600167956392,2.2705600167956397,2.2705600167956397,1379945,2.2705600167956397,True,2.2705600167956392,e2b181b169e110cf,0.05,0.1,60,0.1,True
2,1,84,85,2.356078,2.2705600167956392,2.2705600167956397,2.2705600167956397,1400398,2.2705600167956397,True,2.2705600167956392,e2b181b169e110cf,0.05,0.1,60,0.1,True
2,1,87,86,2.387579,2.2705600167956392,2.2705600167956397,2.2705600167956397,1419911,2.2705600167956397,True,2.2705600167956392,e2b181b169e110cf,0.05,0.1,60,0.1,True
2,1,86,87,2.419685,2.2705600167956392,2.2705600167956397,2.2705600167956397,1439517,2.2705600167956397,True,2.2705600167956392,e2b181b169e110cf,0.05,0.1,60,0.1,True
2,1,88,88,2.449429,2.2705600167956392,2.2705600167956397,2.2705600167956397,1458069,2.2705600167956397,True,2.2705600167956392,e2b181b169e110cf,0.05,0.1,60,0.1,True
2,1,89,89,2.485060,2.2705600167956392,2.2705600167956397,2.2705600167956397,1480280,2.2705600167956397,True,2.2705600167956392,e2b181b169e110cf,0.05,0.1,60,0.1,True
2,1,90,90,2.516411,2.2705600167956392,2.2705600167956397,2.2705600167956397,1499507,2.2705600167956397,True,2.2705600167956392,e2b181b169e110cf,0.05,0.1,60,0.1,True
2,1,91,91,2.548930,2.2705600167956392,2.2705600167956397,2.2705600167956397,1519070,2.2705600167956397,True,2.2705600167956392,e2b181b169e110cf,0.05,0.1,60,0.1,True
2,1,92,92,2.581986,2.2705600167956392,2.2705600167956397,2.2705600167956397,1540118,2.2705600167956397,True,2.2705600167956392,e2b181b169e110cf,0.05,0.1,60,0.1,True
2,1,93,93,2.617055,2.2705600167956392,2.2705600167956397,2.2705600167956397,1562335,2.2705600167956397,True,2.2705600167956392,e2b181b169e110cf,0.05,0.1,60,0.1,True
2,1,94,94,2.648101,2.2705600167956392,2.2705600167956397,2.2705600167956397,1583593,2.2705600167956397,True,2.2705600167956392,e2b181b169e110cf,0.05,0.1,60,0.1,True
2,1,95,95,2.679727,2.2705600167956392,2.2705600167956397,2.2705600167956397,1604119,2.2705600167956397,True,2.2705600167956392,e2b181b169e110cf,0.05,0.1,60,0.1,True
2,1,96,96,2.713738,2.2705600167956392,2.2705600167956397,2.2705600167956397,1625614,2.2705600167956397,True,2.2705600167956392,e2b181b169e110cf,0.05,0.1,60,0.1,True
2,1,97,97,2.748807,2.2705600167956392,2.2705600167956397,2.2705600167956397,1647827,2.2705600167956397,True,2.2705600167956392,e2b181b169e110cf,0.05,0.1,60,0.1,True
2,1,98,98,2.785396,2.2705600167956392,2.2705600167956397,2.2705600167956397,1670900,2.2705600167956397,True,2.2705600167956392,e2b181b169e110cf,0.05,0.1,60,0.1,True
2,1,99,99,2.816558,2.2705600167956392,2.2705600167956397,2.2705600167956397,1690190,2.2705600167956397,True,2.2705600167956392,e2b181b169e110cf,0.05,0.1,60,0.1,True
2,1,100,100,2.849911,2.2705600167956392,2.2705600167956397,2.2705600167956397,1711787,2.2705600167956397,True,2.2705600167956392,e2b181b169e110cf,0.05,0.1,60,0.1,True
2,2,2,101,2.870764,2.2705600167956392,2.2705600167956397,2.2705600167956397,1721000,2.2705600167956397,True,2.2705600167956392,e2b181b169e110cf,0.05,0.1,90,0.1,True
2,2,3,102,2.890452,2.2705600167956392,2.2705600167956397,2.2705600167956397,1729980,2.2705600167956397,True,2.2705600167956392,e2b181b169e110cf,0.05,0.1,90,0.1,True
2,2,1,103,2.912420,2.600920329441995,2.6009203294419794,2.6009203294419794,1739416,0.0,False,2.600920329441995,52c9ea559b3401f4,22.59,24.12,90,17.3,True
2,2,4,104,2.934448,2.604994808841718,2.6049948088417185,2.6049948088417185,1748864,2.6049948088417185,True,2.604994808841718,4bb563c25e757855,2.09,1.64,90,1.9,True
2,2,5,105,2.955276,2.604994808841718,2.6049948088417185,2.6049948088417185,1758072,2.6049948088417185,True,2.604994808841718,4bb563c25e757855,2.09,1.64,90,1.9,True
2,2,6,106,2.978933,2.604994808841718,2.6049948088417185,2.6049948088417185,1767529,2.6049948088417185,True,2.604994808841718,4bb563c25e757855,2.09,1.64,90,1.9,True
2,2,7,107,2.999198,2.604994808841718,2.6049948088417185,2.6049948088417185,1775874,2.6049948088417185,True,2.604994808841718,4bb563c25e757855,2.09,1.64,90,1.9,True
2,2,9,108,3.026683,2.605019678271595,2.605019678271595,2.605019678271595,1786511,2.605019678271595,True,2.605019678271595,16053232c73b5c44,6.28,3.04,90,3.1,True
2,2,10,109,3.049033,2.605019678271595,2.605019678271595,2.605019678271595,1795705,2.605019678271595,True,2.605019678271595,16053232c73b5c44,6.28,3.04,90,3.1,True
2,2,8,110,3.075517,2.605019678271595,2.605019678271595,2.605019678271595,1808489,2.605019678271595,True,2.605019678271595,16053232c73b5c44,6.28,3.04,90,3.1,True
2,2,11,111,3.103829,2.605019678271595,2.605019678271595,2.605019678271595,1821593,2.605019678271595,True,2.605019678271595,16053232c73b5c44,6.28,3.04,90,3.1,True
2,2,12,112,3.132061,2.605019678271595,2.605019678271595,2.605019678271595,1834013,2.605019678271595,True,2.605019678271595,16053232c73b5c44,6.28,3.04,90,3.1,True
2,2,14,113,3.158062,2.605019678271595,2.605019678271595,2.605019678271595,1846466,2.605019678271595,True,2.605019678271595,16053232c73b5c44,6.28,3.04,90,3.1,True
2,2,13,114,3.194175,2.605019678271595,2.605019678271595,2.605019678271595,1862091,2.605019678271595,True,2.605019678271595,16053232c73b5c44,6.28,3.04,90,3.1,True
2,2,16,115,3.225682,2.605019678271595,2.605019678271595,2.605019678271595,1878734,2.605019678271595,True,2.605019678271595,16053232c73b5c44,6.28,3.04,90,3.1,True
2,2,15,116,3.255704,2.605019678271595,2.605019678271595,2.605019678271595,1894948,2.605019678271595,True,2.605019678271595,16053232c73b5c44,6.28,3.04,90,3.1,True
2,2,18,117,3.290264,2.605019678271595,2.605019678271595,2.605019678271595,1911988,2.605019678271595,True,2.605019678271595,16053232c73b5c44,6.28,3.04,90,3.1,True
2,2,17,118,3.327229,2.6132735940571314,2.6182673864734225,2.6182673864734225,1929857,2.6182673864734225,True,2.6182673864734225,07b8b77770fb4581,33.06,76.94,90,17.6,True
2,2,19,119,3.366590,2.618007109343739,2.6180071093437385,2.6182673864734225,1950098,2.6180071093437385,True,2.618007109343739,a109822311fa40ab,10.21,6.64,90,6.3,True
2,2,20,120,3.399708,2.618007109343739,2.6180071093437385,2.6182673864734225,1970268,2.6180071093437385,True,2.618007109343739,a109822311fa40ab,10.21,6.64,90,6.3,True
2,2,21,121,3.432461,2.618007109343739,2.6180071093437385,2.6182673864734225,1989317,2.6180071093437385,True,2.618007109343739,a109822311fa40ab,10.21,6.64,90,6.3,True
2,2,22,122,3.469477,2.618007109343739,2.6180071093437385,2.6182673864734225,2010225,2.6180071093437385,True,2.618007109343739,a109822311fa40ab,10.21,6.64,90,6.3,True
2,2,23,123,3.512286,2.618007109343739,2.6180071093437385,2.6182673864734225,2033510,2.6180071093437385,True,2.618007109343739,a109822311fa40ab,10.21,6.64,90,6.3,True
2,2,25,124,3.549317,2.618007109343739,2.6180071093437385,2.6182673864734225,2057021,2.6180071093437385,True,2.618007109343739,a109822311fa40ab,10.21,6.64,90,6.3,True
2,2,24,125,3.593941,2.618007109343739,2.6180071093437385,2.6182673864734225,2082725,2.6180071093437385,True,2.618007109343739,a109822311fa40ab,10.21,6.64,90,6.3,True
2,2,26,126,3.632419,2.618007109343739,2.6180071093437385,2.6182673864734225,2105487,2.6180071093437385,True,2.618007109343739,a109822311fa40ab,10.21,6.64,90,6.3,True
2,2,27,127,3.670652,2.618007109343739,2.6180071093437385,2.6182673864734225,2130012,2.6180071093437385,True,2.618007109343739,a109822311fa40ab,10.21,6.64,90,6.3,True
2,2,28,128,3.720689,2.618007109343739,2.6180071093437385,2.6182673864734225,2158497,2.6180071093437385,True,2.618007109343739,a109822311fa40ab,10.21,6.64,90,6.3,True
2,2,29,129,3.762660,2.618007109343739,2.6180071093437385,2.6182673864734225,2185452,2.6180071093437385,True,2.618007109343739,a109822311fa40ab,10.21,6.64,90,6.3,True
2,2,30,130,3.811430,2.618007109343739,2.6180071093437385,2.6182673864734225,2216366,2.6180071093437385,True,2.618007109343739,a109822311fa40ab,10.21,6.64,90,6.3,True
2,2,31,131,3.851416,2.618007109343739,2.6180071093437385,2.6182673864734225,2239732,2.6180071093437385,True,2.618007109343739,a109822311fa40ab,10.21,6.64,90,6.3,True
2,2,32,132,3.892059,2.618007109343739,2.6180071093437385,2.6182673864734225,2266695,2.6180071093437385,True,2.618007109343739,a109822311fa40ab,10.21,6.64,90,6.3,True
2,2,34,133,3.932346,2.618007109343739,2.6180071093437385,2.6182673864734225,2293126,2.6180071093437385,True,2.618007109343739,a109822311fa40ab,10.21,6.64,90,6.3,True
2,2,35,134,3.986277,2.618007109343739,2.6180071093437385,2.6182673864734225,2327613,2.6180071093437385,True,2.618007109343739,a109822311fa40ab,10.21,6.64,90,6.3,True
2,2,33,135,4.039196,2.618007109343739,2.6180071093437385,2.6182673864734225,2360736,2.6180071093437385,True,2.618007109343739,a109822311fa40ab,10.21,6.64,90,6.3,True
2,2,36,136,4.082168,2.618007109343739,2.6180071093437385,2.6182673864734225,2387840,2.6180071093437385,True,2.618007109343739,a109822311fa40ab,10.21,6.64,90,6.3,True
2,2,38,137,4.125087,2.618007109343739,2.6180071093437385,2.6182673864734225,2414699,2.6180071093437385,True,2.618007109343739,a109822311fa40ab,10.21,6.64,90,6.3,True
2,2,37,138,4.168392,2.618007109343739,2.6180071093437385,2.6182673864734225,2442156,2.6180071093437385,True,2.618007109343739,a109822311fa40ab,10.21,6.64,90,6.3,True
2,2,39,139,4.228027,2.618007109343739,2.6180071093437385,2.6182673864734225,2481771,2.6180071093437385,True,2.618007109343739,a109822311fa40ab,10.21,6.64,90,6.3,True
2,2,40,140,4.280375,2.6258558872838473,2.6193682107482674,2.6193682107482674,2514779,0.0,False,2.6193682107484526,5e3feb5a140cff3c,38.22,72.19,90,10.7,True
2,2,41,141,4.324165,2.6258558872838473,2.6193682107482674,2.6193682107482674,2542973,0.0,False,2.6193682107484526,5e3feb5a140cff3c,38.22,72.19,90,10.7,True
2,2,42,142,4.372322,2.6258558872838473,2.6193682107482674,2.6193682107482674,2573894,0.0,False,2.6193682107484526,5e3feb5a140cff3c,38.22,72.19,90,10.7,True
2,2,43,143,4.419388,2.6258558872838473,2.6193682107482674,2.6193682107482674,2601756,0.0,False,2.6193682107484526,5e3feb5a140cff3c,38.22,72.19,90,10.7,True
2,2,44,144,4.479319,2.6258558872838473,2.6193682107482674,2.6193682107482674,2637487,0.0,False,2.6193682107484526,5e3feb5a140cff3c,38.22,72.19,90,10.7,True
2,2,46,145,4.525709,2.6258558872838473,2.6193682107482674,2.6193682107482674,2666257,0.0,False,2.6193682107484526,5e3feb5a140cff3c,38.22,72.19,90,10.7,True
2,2,47,146,4.570742,2.6258558872838473,2.6193682107482674,2.6193682107482674,2693938,0.0,False,2.6193682107484526,5e3feb5a140cff3c,38.22,72.19,90,10.7,True
2,2,45,147,4.627411,2.6258558872838473,2.6193682107482674,2.6193682107482674,2729091,0.0,False,2.6193682107484526,5e3feb5a140cff3c,38.22,72.19,90,10.7,True
2,2,48,148,4.679683,2.6258558872838473,2.6193682107482674,2.6193682107482674,2761655,0.0,False,2.6193682107484526,5e3feb5a140cff3c,38.22,72.19,90,10.7,True
2,2,49,149,4.740862,2.6258558872838473,2.6193682107482674,2.6193682107482674,2801354,0.0,False,2.6193682107484526,5e3feb5a140cff3c,38.22,72.19,90,10.7,True
2,2,50,150,4.785223,2.6258558872838473,2.6193682107482674,2.6193682107482674,2830131,0.0,False,2.6193682107484526,5e3feb5a140cff3c,38.22,72.19,90,10.7,True
2,2,51,151,4.835407,2.6258558872838473,2.6193682107482674,2.6193682107482674,2862075,0.0,False,2.6193682107484526,5e3feb5a140cff3c,38.22,72.19,90,10.7,True
2,2,53,152,4.887357,2.6258558872838473,2.6193682107482674,2.6193682107482674,2895113,0.0,False,2.6193682107484526,5e3feb5a140cff3c,38.22,72.19,90,10.7,True
2,2,52,153,4.948781,2.6258558872838473,2.6193682107482674,2.6193682107482674,2935249,0.0,False,2.6193682107484526,5e3feb5a140cff3c,38.22,72.19,90,10.7,True
2,2,54,154,5.003646,2.6258558872838473,2.6193682107482674,2.6193682107482674,2973910,0.0,False,2.6193682107484526,5e3feb5a140cff3c,38.22,72.19,90,10.7,True
2,2,55,155,5.047361,2.6258558872838473,2.6193682107482674,2.6193682107482674,3001817,0.0,False,2.6193682107484526,5e3feb5a140cff3c,38.22,72.19,90,10.7,True
2,2,57,156,5.096829,2.6258558872838473,2.6193682107482674,2.6193682107482674,3031861,0.0,False,2.6193682107484526,5e3feb5a140cff3c,38.22,72.19,90,10.7,True
2,2,56,157,5.140207,2.6258558872838473,2.6193682107482674,2.6193682107482674,3058975,0.0,False,2.6193682107484526,5e3feb5a140cff3c,38.22,72.19,90,10.7,True
2,2,58,158,5.203249,2.6258558872838473,2.6193682107482674,2.6193682107482674,3100117,0.0,False,2.6193682107484526,5e3feb5a140cff3c,38.22,72.19,90,10.7,True
2,2,59,159,5.263918,2.6258558872838473,2.6193682107482674,2.6193682107482674,3140098,0.0,False,2.6193682107484526,5e3feb5a140cff3c,38.22,72.19,90,10.7,True
2,2,60,160,5.312712,2.6258558872838473,2.6193682107482674,2.6193682107482674,3171964,0.0,False,2.6193682107484526,5e3feb5a140cff3c,38.22,72.19,360,10.7,True
2,2,61,161,5.363264,2.6258558872838473,2.6193682107482674,2.6193682107482674,3206776,0.0,False,2.6193682107484526,5e3feb5a140cff3c,38.22,72.19,360,10.7,True
2,2,63,162,5.421970,2.6258558872838473,2.6193682107482674,2.6193682107482674,3246702,0.0,False,2.6193682107484526,5e3feb5a140cff3c,38.22,72.19,360,10.7,True
2,2,64,163,5.470800,2.6258558872838473,2.6193682107482674,2.6193682107482674,3276640,0.0,False,2.6193682107484526,5e3feb5a140cff3c,38.22,72.19,360,10.7,True
2,2,62,164,5.530160,2.6260484259126313,2.613273594057067,2.6193682107482674,3314388,0.0,False,2.613273594057129,7f0fb6c422a45dc8,21.7,20.25,360,24.5,True
2,2,66,165,5.583133,2.6260484259126313,2.613273594057067,2.6193682107482674,3346757,0.0,False,2.613273594057129,7f0fb6c422a45dc8,21.7,20.25,360,24.5,True
2,2,65,166,5.631746,2.6260484259126313,2.613273594057067,2.6193682107482674,3379858,0.0,False,2.613273594057129,7f0fb6c422a45dc8,21.7,20.25,360,24.5,True
2,2,67,167,5.686002,2.6260484259126313,2.613273594057067,2.6193682107482674,3415018,0.0,False,2.613273594057129,7f0fb6c422a45dc8,21.7,20.25,360,24.5,True
2,2,69,168,5.736878,2.6260484259126313,2.613273594057067,2.6193682107482674,3451890,0.0,False,2.613273594057129,7f0fb6c422a45dc8,21.7,20.25,360,24.5,True
2,2,70,169,5.782927,2.6260484259126313,2.613273594057067,2.6193682107482674,3483959,0.0,False,2.613273594057129,7f0fb6c422a45dc8,21.7,20.25,360,24.5,True
2,2,68,170,5.829662,2.6260484259126313,2.613273594057067,2.6193682107482674,3515106,0.0,False,2.613273594057129,7f0fb6c422a45dc8,21.7,20.25,360,24.5,True
2,2,71,171,5.883219,2.6260484259126313,2.613273594057067,2.6193682107482674,3549499,0.0,False,2.613273594057129,7f0fb6c422a45dc8,21.7,20.25,360,24.5,True
2,2,73,172,5.943244,2.6260484259126313,2.613273594057067,2.6193682107482674,3589596,0.0,False,2.613273594057129,7f0fb6c422a45dc8,21.7,20.25,360,24.5,True
2,2,72,173,6.005785,2.6260484259126313,2.613273594057067,2.6193682107482674,3627325,0.0,False,2.613273594057129,7f0fb6c422a45dc8,21.7,20.25,360,24.5,True
2,2,75,174,6.059295,2.6260484259126313,2.613273594057067,2.6193682107482674,3661763,0.0,False,2.613273594057129,7f0fb6c422a45dc8,21.7,20.25,360,24.5,True
2,2,74,175,6.126493,2.6260484259126313,2.613273594057067,2.6193682107482674,3706861,0.0,False,2.613273594057129,7f0fb6c422a45dc8,21.7,20.25,360,24.5,True
2,2,76,176,6.177540,2.6260484259126313,2.613273594057067,2.6193682107482674,3741012,0.0,False,2.613273594057129,7f0fb6c422a45dc8,21.7,20.25,360,24.5,True
2,2,78,177,6.238730,2.6260484259126313,2.613273594057067,2.6193682107482674,3783882,0.0,False,2.613273594057129,7f0fb6c422a45dc8,21.7,20.25,360,24.5,True
2,2,77,178,6.299557,2.6260484259126313,2.613273594057067,2.6193682107482674,3823265,0.0,False,2.613273594057129,7f0fb6c422a45dc8,21.7,20.25,360,24.5,True
2,2,80,179,6.358101,2.6260484259126313,2.613273594057067,2.6193682107482674,3860341,0.0,False,2.613273594057129,7f0fb6c422a45dc8,21.7,20.25,360,24.5,True
2,2,79,180,6.419916,2.6260484259126313,2.613273594057067,2.6193682107482674,3899512,0.0,False,2.613273594057129,7f0fb6c422a45dc8,21.7,20.25,360,24.5,True
2,2,81,181,6.467121,2.6260484259126313,2.613273594057067,2.6193682107482674,3930497,0.0,False,2.613273594057129,7f0fb6c422a45dc8,21.7,20.25,360,24.5,True
2,2,82,182,6.534387,2.6260484259126313,2.613273594057067,2.6193682107482674,3973807,0.0,False,2.613273594057129,7f0fb6c422a45dc8,21.7,20.25,360,24.5,True
2,2,83,183,6.597865,2.6260484259126313,2.613273594057067,2.6193682107482674,4015893,0.0,False,2.613273594057129,7f0fb6c422a45dc8,21.7,20.25,360,24.5,True
2,2,85,184,6.666953,2.6260484259126313,2.613273594057067,2.6193682107482674,4063421,0.0,False,2.613273594057129,7f0fb6c422a45dc8,21.7,20.25,360,24.5,True
2,2,86,185,6.716817,2.6260484259126313,2.613273594057067,2.6193682107482674,4096753,0.0,False,2.613273594057129,7f0fb6c422a45dc8,21.7,20.25,360,24.5,True
2,2,84,186,6.772662,2.6260484259126313,2.613273594057067,2.6193682107482674,4131202,0.0,False,2.613273594057129,7f0fb6c422a45dc8,21.7,20.25,360,24.5,True
2,2,87,187,6.835520,2.6260484259126313,2.613273594057067,2.6193682107482674,4169660,0.0,False,2.613273594057129,7f0fb6c422a45dc8,21.7,20.25,360,24.5,True
2,2,89,188,6.895375,2.6260484259126313,2.613273594057067,2.6193682107482674,4209099,0.0,False,2.613273594057129,7f0fb6c422a45dc8,21.7,20.25,360,24.5,True
2,2,90,189,6.941826,2.6260484259126313,2.613273594057067,2.6193682107482674,4239282,0.0,False,2.613273594057129,7f0fb6c422a45dc8,21.7,20.25,360,24.5,True
2,2,88,190,6.995642,2.6260484259126313,2.613273594057067,2.6193682107482674,4277518,0.0,False,2.613273594057129,7f0fb6c422a45dc8,21.7,20.25,360,24.5,True
2,2,91,191,7.055114,2.6260484259126313,2.613273594057067,2.6193682107482674,4315814,0.0,False,2.613273594057129,7f0fb6c422a45dc8,21.7,20.25,360,24.5,True
2,2,92,192,7.124114,2.6260484259126313,2.613273594057067,2.6193682107482674,4360898,0.0,False,2.613273594057129,7f0fb6c422a45dc8,21.7,20.25,360,24.5,True
2,2,93,193,7.180165,2.6260484259126313,2.613273594057067,2.6193682107482674,4396305,0.0,False,2.613273594057129,7f0fb6c422a45dc8,21.7,20.25,360,24.5,True
2,2,95,194,7.246223,2.6260484259126313,2.613273594057067,2.6193682107482674,4441079,0.0,False,2.613273594057129,7f0fb6c422a45dc8,21.7,20.25,360,24.5,True
2,2,94,195,7.299075,2.6260484259126313,2.613273594057067,2.6193682107482674,4472791,0.0,False,2.613273594057129,7f0fb6c422a45dc8,21.7,20.25,360,24.5,True
2,2,96,196,7.355881,2.6260484259126313,2.613273594057067,2.6193682107482674,4513525,0.0,False,2.613273594057129,7f0fb6c422a45dc8,21.7,20.25,360,24.5,True
2,2,97,197,7.424958,2.6260484259126313,2.613273594057067,2.6193682107482674,4560786,0.0,False,2.613273594057129,7f0fb6c422a45dc8,21.7,20.25,360,24.5,True
2,2,99,198,7.487445,2.6260484259126313,2.613273594057067,2.6193682107482674,4605245,0.0,False,2.613273594057129,7f0fb6c422a45dc8,21.7,20.25,360,24.5,True
2,2,98,199,7.549907,2.6260484259126313,2.613273594057067,2.6193682107482674,4640759,0.0,False,2.613273594057129,7f0fb6c422a45dc8,21.7,20.25,360,24.5,True
2,2,100,200,7.603930,2.6260484259126313,2.613273594057067,2.6193682107482674,4675646,0.0,False,2.613273594057129,7f0fb6c422a45dc8,21.7,20.25,360,24.5,True
3,1,0,0,0.000000,0.9597642169962064,0.9597652169962063,0.9597652169962063,0,0.0,False,0.9597642169962064,9d87e817e4039a01,0.06,0.06,60,0.0,True
3,1,1,1,0.013012,0.9597642169962064,0.9597652169962063,0.9597652169962063,5052,0.0,False,0.9597642169962064,9d87e817e4039a01,0.06,0.06,60,,True
3,1,2,2,0.026624,1.549788281243276,1.5497882812432762,1.5497882812432762,10224,1.5497882812432762,True,1.549788281243276,6f7e2088523fb70a,0.06,0.05,60,0.1,True
3,1,4,3,0.039701,1.549788281243276,1.5497882812432762,1.5497882812432762,15289,1.5497882812432762,True,1.549788281243276,6f7e2088523fb70a,0.06,0.05,60,0.1,True
3,1,3,4,0.053613,1.6868049045186047,1.6868049045186042,1.6868049045186042,20521,0.0,False,1.6868049045186047,85ce9b9d08a2c6a7,0.06,0.11,60,0.1,True
3,1,5,5,0.068774,1.6868049045186047,1.6868049045186042,1.6868049045186042,27366,0.0,False,1.6868049045186047,85ce9b9d08a2c6a7,0.06,0.11,60,0.1,True
3,1,6,6,0.082168,1.6868049045186047,1.6868049045186042,1.6868049045186042,33124,0.0,False,1.6868049045186047,85ce9b9d08a2c6a7,0.06,0.11,60,0.1,True
3,1,7,7,0.097959,1.6868049045186047,1.6868049045186042,1.6868049045186042,39443,0.0,False,1.6868049045186047,85ce9b9d08a2c6a7,0.06,0.11,60,0.1,True
3,1,8,8,0.113956,1.831503873266565,1.8315038732665645,1.8315038732665645,46056,0.0,False,1.831503873266565,8a3890ec58fa3164,0.06,0.11,60,0.1,True
3,1,10,9,0.129961,1.831503873266565,1.8315038732665645,1.8315038732665645,53721,0.0,False,1.831503873266565,8a3890ec58fa3164,0.06,0.11,60,0.1,True
3,1,9,10,0.150446,1.831503873266565,1.8315038732665645,1.8315038732665645,63534,0.0,False,1.831503873266565,8a3890ec58fa3164,0.06,0.11,60,0.1,True
3,1,12,11,0.168554,1.831503873266565,1.8315038732665645,1.8315038732665645,72414,0.0,False,1.831503873266565,8a3890ec58fa3164,0.06,0.11,60,0.1,True
3,1,11,12,0.188586,1.831503873266565,1.8315038732665645,1.8315038732665645,81638,0.0,False,1.831503873266565,8a3890ec58fa3164,0.06,0.11,60,0.1,True
3,1,14,13,0.211743,2.276270514915546,2.276270514915546,2.276270514915546,93879,2.276270514915546,True,2.276270514915546,c19e95ec0d4fd0ef,0.06,0.12,60,0.2,True
3,1,13,14,0.231586,2.276270514915546,2.276270514915546,2.276270514915546,103902,2.276270514915546,True,2.276270514915546,c19e95ec0d4fd0ef,0.06,0.12,60,0.2,True
3,1,15,15,0.252082,2.276270514915546,2.276270514915546,2.276270514915546,114874,2.276270514915546,True,2.276270514915546,c19e95ec0d4fd0ef,0.06,0.12,60,0.2,True
3,1,16,16,0.273637,2.276270514915546,2.276270514915546,2.276270514915546,126621,2.276270514915546,True,2.276270514915546,c19e95ec0d4fd0ef,0.06,0.12,60,0.2,True
3,1,18,17,0.295178,2.276270514915546,2.276270514915546,2.276270514915546,138462,2.276270514915546,True,2.276270514915546,c19e95ec0d4fd0ef,0.06,0.12,60,0.2,True
3,1,17,18,0.318845,2.276270514915546,2.276270514915546,2.276270514915546,153165,2.276270514915546,True,2.276270514915546,c19e95ec0d4fd0ef,0.06,0.12,60,0.2,True
3,1,20,19,0.343785,2.276270514915546,2.276270514915546,2.276270514915546,167001,2.276270514915546,True,2.276270514915546,c19e95ec0d4fd0ef,0.06,0.12,60,0.2,True
3,1,19,20,0.368444,2.276270514915546,2.276270514915546,2.276270514915546,180424,2.276270514915546,True,2.276270514915546,c19e95ec0d4fd0ef,0.06,0.12,60,0.2,True
3,1,21,21,0.391357,2.276270514915546,2.276270514915546,2.276270514915546,193077,2.276270514915546,True,2.276270514915546,c19e95ec0d4fd0ef,0.06,0.12,60,0.2,True
3,1,22,22,0.413675,2.276270514915546,2.276270514915546,2.276270514915546,206851,2.276270514915546,True,2.276270514915546,c19e95ec0d4fd0ef,0.06,0.12,60,0.2,True
3,1,23,23,0.440128,2.276270514915546,2.276270514915546,2.276270514915546,223120,2.276270514915546,True,2.276270514915546,c19e95ec0d4fd0ef,0.06,0.12,60,0.2,True
3,1,24,24,0.465930,2.276270514915546,2.276270514915546,2.276270514915546,237282,2.276270514915546,True,2.276270514915546,c19e95ec0d4fd0ef,0.06,0.12,60,0.2,True
3,1,25,25,0.489558,2.276270514915546,2.276270514915546,2.276270514915546,249950,2.276270514915546,True,2.276270514915546,c19e95ec0d4fd0ef,0.06,0.12,60,0.2,True
3,1,26,26,0.515537,2.276270514915546,2.276270514915546,2.276270514915546,264793,2.276270514915546,True,2.276270514915546,c19e95ec0d4fd0ef,0.06,0.12,60,0.2,True
3,1,28,27,0.541968,2.276270514915546,2.276270514915546,2.276270514915546,279420,2.276270514915546,True,2.276270514915546,c19e95ec0d4fd0ef,0.06,0.12,60,0.2,True
3,1,27,28,0.570128,2.276270514915546,2.276270514915546,2.276270514915546,295964,2.276270514915546,True,2.276270514915546,c19e95ec0d4fd0ef,0.06,0.12,60,0.2,True
3,1,30,29,0.595832,2.276270514915546,2.276270514915546,2.276270514915546,310752,2.276270514915546,True,2.276270514915546,c19e95ec0d4fd0ef,0.06,0.12,60,0.2,True
3,1,29,30,0.622743,2.276270514915546,2.276270514915546,2.276270514915546,326339,2.276270514915546,True,2.276270514915546,c19e95ec0d4fd0ef,0.06,0.12,60,0.2,True
3,1,31,31,0.652218,2.276270514915546,2.276270514915546,2.276270514915546,343330,2.276270514915546,True,2.276270514915546,c19e95ec0d4fd0ef,0.06,0.12,60,0.2,True
3,1,32,32,0.682603,2.276270514915546,2.276270514915546,2.276270514915546,362291,2.276270514915546,True,2.276270514915546,c19e95ec0d4fd0ef,0.06,0.12,60,0.2,True
3,1,34,33,0.709488,2.276270514915546,2.276270514915546,2.276270514915546,378064,2.276270514915546,True,2.276270514915546,c19e95ec0d4fd0ef,0.06,0.12,60,0.2,True
3,1,33,34,0.736336,2.276270514915546,2.276270514915546,2.276270514915546,393912,2.276270514915546,True,2.276270514915546,c19e95ec0d4fd0ef,0.06,0.12,60,0.2,True
3,1,35,35,0.767946,2.276270514915546,2.276270514915546,2.276270514915546,413914,2.276270514915546,True,2.276270514915546,c19e95ec0d4fd0ef,0.06,0.12,60,0.2,True
3,1,36,36,0.798501,2.276270514915546,2.276270514915546,2.276270514915546,433309,2.276270514915546,True,2.276270514915546,c19e95ec0d4fd0ef,0.06,0.12,60,0.2,True
3,1,37,37,0.826375,2.276270514915546,2.276270514915546,2.276270514915546,449911,2.276270514915546,True,2.276270514915546,c19e95ec0d4fd0ef,0.06,0.12,60,0.2,True
3,1,38,38,0.853591,2.276270514915546,2.276270514915546,2.276270514915546,465931,2.276270514915546,True,2.276270514915546,c19e95ec0d4fd0ef,0.06,0.12,60,0.2,True
3,1,39,39,0.884855,2.276270514915546,2.276270514915546,2.276270514915546,485687,2.276270514915546,True,2.276270514915546,c19e95ec0d4fd0ef,0.06,0.12,60,0.2,True
3,1,40,40,0.914182,2.276270514915546,2.276270514915546,2.276270514915546,503330,2.276270514915546,True,2.276270514915546,c19e95ec0d4fd0ef,0.06,0.12,60,0.2,True
3,1,41,41,0.945605,2.276270514915546,2.276270514915546,2.276270514915546,522381,2.276270514915546,True,2.276270514915546,c19e95ec0d4fd0ef,0.06,0.12,60,0.2,True
3,1,42,42,0.977665,2.276270514915546,2.276270514915546,2.276270514915546,540701,2.276270514915546,True,2.276270514915546,c19e95ec0d4fd0ef,0.06,0.12,60,0.2,True
3,1,44,43,1.008492,2.276270514915546,2.276270514915546,2.276270514915546,560988,2.276270514915546,True,2.276270514915546,c19e95ec0d4fd0ef,0.06,0.12,60,0.2,True
3,1,43,44,1.037848,2.276270514915546,2.276270514915546,2.276270514915546,579096,2.276270514915546,True,2.276270514915546,c19e95ec0d4fd0ef,0.06,0.12,60,0.2,True
3,1,45,45,1.065944,2.276270514915546,2.276270514915546,2.276270514915546,596796,2.276270514915546,True,2.276270514915546,c19e95ec0d4fd0ef,0.06,0.12,60,0.2,True
3,1,46,46,1.097014,2.276270514915546,2.276270514915546,2.276270514915546,614918,2.276270514915546,True,2.276270514915546,c19e95ec0d4fd0ef,0.06,0.12,60,0.2,True
3,1,47,47,1.129569,2.276270514915546,2.276270514915546,2.276270514915546,635501,2.276270514915546,True,2.276270514915546,c19e95ec0d4fd0ef,0.06,0.12,60,0.2,True
3,1,48,48,1.160638,2.276270514915546,2.276270514915546,2.276270514915546,654230,2.276270514915546,True,2.276270514915546,c19e95ec0d4fd0ef,0.06,0.12,60,0.2,True
3,1,49,49,1.192645,2.276270514915546,2.276270514915546,2.276270514915546,674397,2.276270514915546,True,2.276270514915546,c19e95ec0d4fd0ef,0.06,0.12,60,0.2,True
3,1,50,50,1.224596,2.276270514915546,2.276270514915546,2.276270514915546,692728,2.276270514915546,True,2.276270514915546,c19e95ec0d4fd0ef,0.06,0.12,60,0.2,True
3,1,51,51,1.258276,2.276270514915546,2.276270514915546,2.276270514915546,713344,2.276270514915546,True,2.276270514915546,c19e95ec0d4fd0ef,0.06,0.12,60,0.2,True
3,1,52,52,1.292839,2.276270514915546,2.276270514915546,2.276270514915546,734907,2.276270514915546,True,2.276270514915546,c19e95ec0d4fd0ef,0.06,0.12,60,0.2,True
3,1,53,53,1.324395,2.276270514915546,2.276270514915546,2.276270514915546,754443,2.276270514915546,True,2.276270514915546,c19e95ec0d4fd0ef,0.06,0.12,60,0.2,True
3,1,54,54,1.353991,2.2781607795597436,2.2781607795597436,2.2781607795597436,772663,2.2781607795597436,True,2.2781607795597436,219228d1b93f5377,0.07,0.13,60,0.1,True
3,1,55,55,1.388546,2.2781607795597436,2.2781607795597436,2.2781607795597436,795618,2.2781607795597436,True,2.2781607795597436,219228d1b93f5377,0.07,0.13,60,0.1,True
3,1,56,56,1.422551,2.2781607795597436,2.2781607795597436,2.2781607795597436,816951,2.2781607795597436,True,2.2781607795597436,219228d1b93f5377,0.07,0.13,60,0.1,True
3,1,57,57,1.455541,2.2781607795597436,2.2781607795597436,2.2781607795597436,837809,2.2781607795597436,True,2.2781607795597436,219228d1b93f5377,0.07,0.13,60,0.1,True
3,1,58,58,1.486086,2.2781607795597436,2.2781607795597436,2.2781607795597436,855898,2.2781607795597436,True,2.2781607795597436,219228d1b93f5377,0.07,0.13,60,0.1,True
3,1,59,59,1.516925,2.2781607795597436,2.2781607795597436,2.2781607795597436,874529,2.2781607795597436,True,2.2781607795597436,219228d1b93f5377,0.07,0.13,60,0.1,True
3,1,60,60,1.551483,2.2781607795597436,2.2781607795597436,2.2781607795597436,896091,2.2781607795597436,True,2.2781607795597436,219228d1b93f5377,0.07,0.13,60,0.1,True
3,1,61,61,1.584947,2.2781607795597436,2.2781607795597436,2.2781607795597436,917187,2.2781607795597436,True,2.2781607795597436,219228d1b93f5377,0.07,0.13,60,0.1,True
3,1,62,62,1.614075,2.2781607795597436,2.2781607795597436,2.2781607795597436,935523,2.2781607795597436,True,2.2781607795597436,219228d1b93f5377,0.07,0.13,60,0.1,True
3,1,63,63,1.647350,2.2781607795597436,2.2781607795597436,2.2781607795597436,956342,2.2781607795597436,True,2.2781607795597436,219228d1b93f5377,0.07,0.13,60,0.1,True
3,1,64,64,1.679920,2.2781607795597436,2.2781607795597436,2.2781607795597436,975912,2.2781607795597436,True,2.2781607795597436,219228d1b93f5377,0.07,0.13,60,0.1,True
3,1,65,65,1.710346,2.2781607795597436,2.2781607795597436,2.2781607795597436,994062,2.2781607795597436,True,2.2781607795597436,219228d1b93f5377,0.07,0.13,60,0.1,True
3,1,66,66,1.743208,2.2854718548320623,2.2854718548320623,2.2854718548320623,1014080,2.2854718548320623,True,2.2854718548320623,c4956f8384235b1e,0.07,0.14,60,0.1,True
3,1,68,67,1.775827,2.2854718548320623,2.2854718548320623,2.2854718548320623,1033783,2.2854718548320623,True,2.2854718548320623,c4956f8384235b1e,0.07,0.14,60,0.1,True
3,1,67,68,1.810515,2.2854718548320623,2.2854718548320623,2.2854718548320623,1055415,2.2854718548320623,True,2.2854718548320623,c4956f8384235b1e,0.07,0.14,60,0.1,True
3,1,69,69,1.845492,2.2854718548320623,2.2854718548320623,2.2854718548320623,1078992,2.2854718548320623,True,2.2854718548320623,c4956f8384235b1e,0.07,0.14,60,0.1,True
3,1,70,70,1.879150,2.2854718548320623,2.2854718548320623,2.2854718548320623,1099966,2.2854718548320623,True,2.2854718548320623,c4956f8384235b1e,0.07,0.14,60,0.1,True
3,1,71,71,1.912790,2.2854718548320623,2.2854718548320623,2.2854718548320623,1120486,2.2854718548320623,True,2.2854718548320623,c4956f8384235b1e,0.07,0.14,60,0.1,True
3,1,72,72,1.947794,2.2854718548320623,2.2854718548320623,2.2854718548320623,1141982,2.2854718548320623,True,2.2854718548320623,c4956f8384235b1e,0.07,0.14,60,0.1,True
3,1,73,73,1.984418,2.2854718548320623,2.2854718548320623,2.2854718548320623,1165782,2.2854718548320623,True,2.2854718548320623,c4956f8384235b1e,0.07,0.14,60,0.1,True
3,1,74,74,2.016797,2.2854718548320623,2.2854718548320623,2.2854718548320623,1185669,2.2854718548320623,True,2.2854718548320623,c4956f8384235b1e,0.07,0.14,60,0.1,True
3,1,76,75,2.051801,2.2854718548320623,2.2854718548320623,2.2854718548320623,1207521,2.2854718548320623,True,2.2854718548320623,c4956f8384235b1e,0.07,0.14,60,0.1,True
3,1,75,76,2.084216,2.2854718548320623,2.2854718548320623,2.2854718548320623,1227688,2.2854718548320623,True,2.2854718548320623,c4956f8384235b1e,0.07,0.14,60,0.1,True
3,1,77,77,2.120802,2.2854718548320623,2.2854718548320623,2.2854718548320623,1251822,2.2854718548320623,True,2.2854718548320623,c4956f8384235b1e,0.07,0.14,60,0.1,True
3,1,78,78,2.154723,2.2854718548320623,2.2854718548320623,2.2854718548320623,1273383,2.2854718548320623,True,2.2854718548320623,c4956f8384235b1e,0.07,0.14,60,0.1,True
3,1,79,79,2.191695,2.2854718548320623,2.2854718548320623,2.2854718548320623,1296103,2.2854718548320623,True,2.2854718548320623,c4956f8384235b1e,0.07,0.14,60,0.1,True
3,1,80,80,2.228623,2.2854718548320623,2.2854718548320623,2.2854718548320623,1319487,2.2854718548320623,True,2.2854718548320623,c4956f8384235b1e,0.07,0.14,60,0.1,True
3,1,81,81,2.265366,2.2905329701045942,2.2905329701045942,2.2905329701045942,1343526,2.2905329701045942,True,2.2905329701045942,edc7ece08bd59ca0,0.06,0.13,60,0.1,True
3,1,82,82,2.299380,2.2905329701045942,2.2905329701045942,2.2905329701045942,1365036,2.2905329701045942,True,2.2905329701045942,edc7ece08bd59ca0,0.06,0.13,60,0.1,True
3,1,83,83,2.334466,2.2905329701045942,2.2905329701045942,2.2905329701045942,1387554,2.2905329701045942,True,2.2905329701045942,edc7ece08bd59ca0,0.06,0.13,60,0.1,True
3,1,84,84,2.371091,2.2905329701045942,2.2905329701045942,2.2905329701045942,1411467,2.2905329701045942,True,2.2905329701045942,edc7ece08bd59ca0,0.06,0.13,60,0.1,True
3,1,85,85,2.404011,2.2905329701045942,2.2905329701045942,2.2905329701045942,1430935,2.2905329701045942,True,2.2905329701045942,edc7ece08bd59ca0,0.06,0.13,60,0.1,True
3,1,86,86,2.437749,2.2905329701045942,2.2905329701045942,2.2905329701045942,1451341,2.2905329701045942,True,2.2905329701045942,edc7ece08bd59ca0,0.06,0.13,60,0.1,True
3,1,87,87,2.474662,2.2905329701045942,2.2905329701045942,2.2905329701045942,1474066,2.2905329701045942,True,2.2905329701045942,edc7ece08bd59ca0,0.06,0.13,60,0.1,True
3,1,88,88,2.509110,2.2905329701045942,2.2905329701045942,2.2905329701045942,1494946,2.2905329701045942,True,2.2905329701045942,edc7ece08bd59ca0,0.06,0.13,60,0.1,True
3,1,89,89,2.544839,2.2905423958966047,2.2905423958966047,2.2905423958966047,1517359,2.2905423958966047,True,2.2905423958966047,73f1c46bc424eff7,0.12,0.12,60,0.1,True
3,1,90,90,2.578830,2.2905423958966047,2.2905423958966047,2.2905423958966047,1538950,2.2905423958966047,True,2.2905423958966047,73f1c46bc424eff7,0.12,0.12,60,0.1,True
3,1,91,91,2.616882,2.2905423958966047,2.2905423958966047,2.2905423958966047,1562110,2.2905423958966047,True,2.2905423958966047,73f1c46bc424eff7,0.12,0.12,60,0.1,True
3,1,93,93,2.690486,2.2905423958966047,2.2905423958966047,2.2905423958966047,1608570,2.2905423958966047,True,2.2905423958966047,73f1c46bc424eff7,0.12,0.12,60,0.1,True
3,1,94,94,2.722288,2.2905423958966047,2.2905423958966047,2.2905423958966047,1628324,2.2905423958966047,True,2.2905423958966047,73f1c46bc424eff7,0.12,0.12,60,0.1,True
3,1,96,95,2.757590,2.2905423958966047,2.2905423958966047,2.2905423958966047,1651058,2.2905423958966047,True,2.2905423958966047,73f1c46bc424eff7,0.12,0.12,60,0.1,True
3,1,97,97,2.827900,2.2905423958966047,2.2905423958966047,2.2905423958966047,1694776,2.2905423958966047,True,2.2905423958966047,73f1c46bc424eff7,0.12,0.12,60,0.1,True
3,1,98,98,2.860657,2.2905423958966047,2.2905423958966047,2.2905423958966047,1715093,2.2905423958966047,True,2.2905423958966047,73f1c46bc424eff7,0.12,0.12,60,0.1,True
3,1,99,100,2.928886,2.2905423958966047,2.2905423958966047,2.2905423958966047,1758034,2.2905423958966047,True,2.2905423958966047,73f1c46bc424eff7,0.12,0.12,60,0.1,True
3,1,100,100,2.928886,2.2905423958966047,2.2905423958966047,2.2905423958966047,1758034,2.2905423958966047,True,2.2905423958966047,73f1c46bc424eff7,0.12,0.12,60,0.1,True
3,2,1,101,2.949771,2.2905423958966047,2.2905423958966047,2.2905423958966047,1767439,2.2905423958966047,True,2.2905423958966047,73f1c46bc424eff7,0.12,0.12,90,0.1,True
3,2,3,102,2.972811,2.6196964521960795,2.6196964521960795,2.6196964521960795,1777275,2.6196964521960795,True,2.6196964521960795,6c722d5365822127,1.61,1.44,90,1.2,True
3,2,4,103,2.994186,2.6196964521960795,2.6196964521960795,2.6196964521960795,1786778,2.6196964521960795,True,2.6196964521960795,6c722d5365822127,1.61,1.44,90,1.2,True
3,2,2,104,3.014316,2.6196964521960795,2.6196964521960795,2.6196964521960795,1796032,2.6196964521960795,True,2.6196964521960795,6c722d5365822127,1.61,1.44,90,1.2,True
3,2,5,105,3.035716,2.6196964521960795,2.6196964521960795,2.6196964521960795,1805540,2.6196964521960795,True,2.6196964521960795,6c722d5365822127,1.61,1.44,90,1.2,True
3,2,6,106,3.059311,2.6196964521960795,2.6196964521960795,2.6196964521960795,1817647,2.6196964521960795,True,2.6196964521960795,6c722d5365822127,1.61,1.44,90,1.2,True
3,2,7,107,3.078404,2.6196964521960795,2.6196964521960795,2.6196964521960795,1826820,2.6196964521960795,True,2.6196964521960795,6c722d5365822127,1.61,1.44,90,1.2,True
3,2,9,108,3.095647,2.6196964521960795,2.6196964521960795,2.6196964521960795,1834635,2.6196964521960795,True,2.6196964521960795,6c722d5365822127,1.61,1.44,90,1.2,True
3,2,8,109,3.115361,2.6196964521960795,2.6196964521960795,2.6196964521960795,1843409,2.6196964521960795,True,2.6196964521960795,6c722d5365822127,1.61,1.44,90,1.2,True
3,2,11,110,3.144830,2.6196964521960795,2.6196964521960795,2.6196964521960795,1858478,2.6196964521960795,True,2.6196964521960795,6c722d5365822127,1.61,1.44,90,1.2,True
3,2,10,111,3.169552,2.6196964521960795,2.6196964521960795,2.6196964521960795,1868212,2.6196964521960795,True,2.6196964521960795,6c722d5365822127,1.61,1.44,90,1.2,True
3,2,12,112,3.198152,2.6196964521960795,2.6196964521960795,2.6196964521960795,1881068,2.6196964521960795,True,2.6196964521960795,6c722d5365822127,1.61,1.44,90,1.2,True
3,2,14,113,3.221055,2.6196964521960795,2.6196964521960795,2.6196964521960795,1892167,2.6196964521960795,True,2.6196964521960795,6c722d5365822127,1.61,1.44,90,1.2,True
3,2,15,114,3.253308,2.6196964521960795,2.6196964521960795,2.6196964521960795,1910376,2.6196964521960795,True,2.6196964521960795,6c722d5365822127,1.61,1.44,90,1.2,True
3,2,13,115,3.278002,2.6196964521960795,2.6196964521960795,2.6196964521960795,1921118,2.6196964521960795,True,2.6196964521960795,6c722d5365822127,1.61,1.44,90,1.2,True
3,2,17,116,3.304851,2.6244801577898933,2.6244801577898937,2.6244801577898937,1935899,2.6244801577898937,True,2.6244801577898933,a229b24f335ab3af,2.06,1.35,90,1.4,True
3,2,16,117,3.331100,2.6244801577898933,2.6244801577898937,2.6244801577898937,1949480,2.6244801577898937,True,2.6244801577898933,a229b24f335ab3af,2.06,1.35,90,1.4,True
3,2,19,118,3.366258,2.6244801577898933,2.6244801577898937,2.6244801577898937,1970858,2.6244801577898937,True,2.6244801577898933,a229b24f335ab3af,2.06,1.35,90,1.4,True
3,2,18,119,3.396732,2.6244801577898933,2.6244801577898937,2.6244801577898937,1985808,2.6244801577898937,True,2.6244801577898933,a229b24f335ab3af,2.06,1.35,90,1.4,True
3,2,20,120,3.423893,2.6244801577898933,2.6244801577898937,2.6244801577898937,2000721,2.6244801577898937,True,2.6244801577898933,a229b24f335ab3af,2.06,1.35,90,1.4,True
3,2,21,121,3.460922,2.6244801577898933,2.6244801577898937,2.6244801577898937,2020062,2.6244801577898937,True,2.6244801577898933,a229b24f335ab3af,2.06,1.35,90,1.4,True
3,2,23,122,3.499695,2.6244801577898933,2.6244801577898937,2.6244801577898937,2045143,2.6244801577898937,True,2.6244801577898933,a229b24f335ab3af,2.06,1.35,90,1.4,True
3,2,24,123,3.533765,2.6244801577898933,2.6244801577898937,2.6244801577898937,2063549,2.6244801577898937,True,2.6244801577898933,a229b24f335ab3af,2.06,1.35,90,1.4,True
3,2,25,124,3.564003,2.6244801577898933,2.6244801577898937,2.6244801577898937,2081327,2.6244801577898937,True,2.6244801577898933,a229b24f335ab3af,2.06,1.35,90,1.4,True
3,2,22,125,3.593790,2.6244801577898933,2.6244801577898937,2.6244801577898937,2097266,2.6244801577898937,True,2.6244801577898933,a229b24f335ab3af,2.06,1.35,90,1.4,True
3,2,26,126,3.629090,2.6244801577898933,2.6244801577898937,2.6244801577898937,2120742,2.6244801577898937,True,2.6244801577898933,a229b24f335ab3af,2.06,1.35,90,1.4,True
3,2,27,127,3.668126,2.6244801577898933,2.6244801577898937,2.6244801577898937,2145838,2.6244801577898937,True,2.6244801577898933,a229b24f335ab3af,2.06,1.35,90,1.4,True
3,2,28,128,3.705301,2.6244801577898933,2.6244801577898937,2.6244801577898937,2167925,2.6244801577898937,True,2.6244801577898933,a229b24f335ab3af,2.06,1.35,90,1.4,True
3,2,29,129,3.741606,2.6244801577898933,2.6244801577898937,2.6244801577898937,2188762,2.6244801577898937,True,2.6244801577898933,a229b24f335ab3af,2.06,1.35,90,1.4,True
3,2,30,130,3.773160,2.6244801577898933,2.6244801577898937,2.6244801577898937,2207548,2.6244801577898937,True,2.6244801577898933,a229b24f335ab3af,2.06,1.35,90,1.4,True
3,2,31,131,3.816309,2.6244801577898933,2.6244801577898937,2.6244801577898937,2233445,2.6244801577898937,True,2.6244801577898933,a229b24f335ab3af,2.06,1.35,90,1.4,True
3,2,32,132,3.855954,2.6244801577898933,2.6244801577898937,2.6244801577898937,2259362,2.6244801577898937,True,2.6244801577898933,a229b24f335ab3af,2.06,1.35,90,1.4,True
3,2,33,133,3.899581,2.6244801577898933,2.6244801577898937,2.6244801577898937,2286281,2.6244801577898937,True,2.6244801577898933,a229b24f335ab3af,2.06,1.35,90,1.4,True
3,2,34,134,3.936627,2.6244801577898933,2.6244801577898937,2.6244801577898937,2310483,2.6244801577898937,True,2.6244801577898933,a229b24f335ab3af,2.06,1.35,90,1.4,True
3,2,36,135,3.974353,2.6244801577898933,2.6244801577898937,2.6244801577898937,2336545,2.6244801577898937,True,2.6244801577898933,a229b24f335ab3af,2.06,1.35,90,1.4,True
3,2,35,136,4.011164,2.6244801577898933,2.6244801577898937,2.6244801577898937,2359324,2.6244801577898937,True,2.6244801577898933,a229b24f335ab3af,2.06,1.35,90,1.4,True
3,2,37,137,4.055685,2.6244801577898933,2.6244801577898937,2.6244801577898937,2388369,2.6244801577898937,True,2.6244801577898933,a229b24f335ab3af,2.06,1.35,90,1.4,True
3,2,38,138,4.104065,2.6244801577898933,2.6244801577898937,2.6244801577898937,2417181,2.6244801577898937,True,2.6244801577898933,a229b24f335ab3af,2.06,1.35,90,1.4,True
3,2,39,139,4.140602,2.6244801577898933,2.6244801577898937,2.6244801577898937,2441066,2.6244801577898937,True,2.6244801577898933,a229b24f335ab3af,2.06,1.35,90,1.4,True
3,2,40,140,4.182609,2.6244801577898933,2.6244801577898937,2.6244801577898937,2465901,2.6244801577898937,True,2.6244801577898933,a229b24f335ab3af,2.06,1.35,90,1.4,True
3,2,42,141,4.224713,2.6244801577898933,2.6244801577898937,2.6244801577898937,2492281,2.6244801577898937,True,2.6244801577898933,a229b24f335ab3af,2.06,1.35,90,1.4,True
3,2,41,142,4.266217,2.6244801577898933,2.6244801577898937,2.6244801577898937,2517937,2.6244801577898937,True,2.6244801577898933,a229b24f335ab3af,2.06,1.35,90,1.4,True
3,2,43,143,4.315639,2.6244801577898933,2.6244801577898937,2.6244801577898937,2547803,2.6244801577898937,True,2.6244801577898933,a229b24f335ab3af,2.06,1.35,90,1.4,True
3,2,44,144,4.355947,2.6244801577898933,2.6244801577898937,2.6244801577898937,2571883,2.6244801577898937,True,2.6244801577898933,a229b24f335ab3af,2.06,1.35,90,1.4,True
3,2,45,145,4.397843,2.6244801577898933,2.6244801577898937,2.6244801577898937,2599411,2.6244801577898937,True,2.6244801577898933,a229b24f335ab3af,2.06,1.35,90,1.4,True
3,2,46,146,4.440673,2.6244801577898933,2.6244801577898937,2.6244801577898937,2626661,2.6244801577898937,True,2.6244801577898933,a229b24f335ab3af,2.06,1.35,90,1.4,True
3,2,48,147,4.492191,2.6244801577898933,2.6244801577898937,2.6244801577898937,2659103,2.6244801577898937,True,2.6244801577898933,a229b24f335ab3af,2.06,1.35,90,1.4,True
3,2,47,148,4.535398,2.6244801577898933,2.6244801577898937,2.6244801577898937,2688374,2.6244801577898937,True,2.6244801577898933,a229b24f335ab3af,2.06,1.35,90,1.4,True
3,2,49,149,4.577844,2.6244801577898933,2.6244801577898937,2.6244801577898937,2714044,2.6244801577898937,True,2.6244801577898933,a229b24f335ab3af,2.06,1.35,90,1.4,True
3,2,50,150,4.615285,2.6244801577898933,2.6244801577898937,2.6244801577898937,2739705,2.6244801577898937,True,2.6244801577898933,a229b24f335ab3af,2.06,1.35,90,1.4,True
3,2,52,151,4.664900,2.6244801577898933,2.6244801577898937,2.6244801577898937,2770184,2.6244801577898937,True,2.6244801577898933,a229b24f335ab3af,2.06,1.35,90,1.4,True
3,2,51,152,4.712981,2.6244801577898933,2.6244801577898937,2.6244801577898937,2801797,2.6244801577898937,True,2.6244801577898933,a229b24f335ab3af,2.06,1.35,90,1.4,True
3,2,54,153,4.757182,2.6244801577898933,2.6244801577898937,2.6244801577898937,2828118,2.6244801577898937,True,2.6244801577898933,a229b24f335ab3af,2.06,1.35,90,1.4,True
3,2,55,154,4.790815,2.6244801577898933,2.6244801577898937,2.6244801577898937,2851343,2.6244801577898937,True,2.6244801577898933,a229b24f335ab3af,2.06,1.35,90,1.4,True
3,2,53,155,4.832458,2.6244801577898933,2.6244801577898937,2.6244801577898937,2877342,2.6244801577898937,True,2.6244801577898933,a229b24f335ab3af,2.06,1.35,90,1.4,True
3,2,56,156,4.884621,2.6244801577898933,2.6244801577898937,2.6244801577898937,2911081,2.6244801577898937,True,2.6244801577898933,a229b24f335ab3af,2.06,1.35,90,1.4,True
3,2,57,157,4.928735,2.6244801577898933,2.6244801577898937,2.6244801577898937,2939487,2.6244801577898937,True,2.6244801577898933,a229b24f335ab3af,2.06,1.35,90,1.4,True
3,2,59,158,4.965395,2.6244801577898933,2.6244801577898937,2.6244801577898937,2964115,2.6244801577898937,True,2.6244801577898933,a229b24f335ab3af,2.06,1.35,90,1.4,True
3,2,58,159,5.014723,2.6244801577898933,2.6244801577898937,2.6244801577898937,2997343,2.6244801577898937,True,2.6244801577898933,a229b24f335ab3af,2.06,1.35,90,1.4,True
3,2,60,161,5.115014,2.6244801577898933,2.6244801577898937,2.6244801577898937,3062250,2.6244801577898937,True,2.6244801577898933,a229b24f335ab3af,2.06,1.35,90,1.4,True
3,2,61,162,5.157858,2.6244801577898933,2.6244801577898937,2.6244801577898937,3090602,2.6244801577898937,True,2.6244801577898933,a229b24f335ab3af,2.06,1.35,360,1.4,True
3,2,62,163,5.206685,2.6244801577898933,2.6244801577898937,2.6244801577898937,3121465,2.6244801577898937,True,2.6244801577898933,a229b24f335ab3af,2.06,1.35,360,1.4,True
3,2,63,164,5.243994,2.6244801577898933,2.6244801577898937,2.6244801577898937,3145046,2.6244801577898937,True,2.6244801577898933,a229b24f335ab3af,2.06,1.35,360,1.4,True
3,2,64,165,5.296219,2.6244801577898933,2.6244801577898937,2.6244801577898937,3181151,2.6244801577898937,True,2.6244801577898933,a229b24f335ab3af,2.06,1.35,360,1.4,True
3,2,66,166,5.347014,2.6244801577898933,2.6244801577898937,2.6244801577898937,3211074,2.6244801577898937,True,2.6244801577898933,a229b24f335ab3af,2.06,1.35,360,1.4,True
3,2,67,167,5.395119,2.6244801577898933,2.6244801577898937,2.6244801577898937,3241803,2.6244801577898937,True,2.6244801577898933,a229b24f335ab3af,2.06,1.35,360,1.4,True
3,2,68,168,5.432317,2.6245979461357978,2.6245979461357978,2.6245979461357978,3266037,2.6245979461357978,True,2.6245979461357978,693384aaf751eb0d,1.84,1.76,360,4.1,True
3,2,69,169,5.487223,2.6245979461357978,2.6245979461357978,2.6245979461357978,3301491,2.6245979461357978,True,2.6245979461357978,693384aaf751eb0d,1.84,1.76,360,4.1,True
3,2,70,170,5.532655,2.6245979461357978,2.6245979461357978,2.6245979461357978,3331467,2.6245979461357978,True,2.6245979461357978,693384aaf751eb0d,1.84,1.76,360,4.1,True
3,2,65,171,5.575215,2.6245979461357978,2.6245979461357978,2.6245979461357978,3357955,2.6245979461357978,True,2.6245979461357978,693384aaf751eb0d,1.84,1.76,360,4.1,True
3,2,71,172,5.629510,2.6245979461357978,2.6245979461357978,2.6245979461357978,3393970,2.6245979461357978,True,2.6245979461357978,693384aaf751eb0d,1.84,1.76,360,4.1,True
3,2,72,173,5.673847,2.6245979461357978,2.6245979461357978,2.6245979461357978,3421111,2.6245979461357978,True,2.6245979461357978,693384aaf751eb0d,1.84,1.76,360,4.1,True
3,2,73,174,5.728322,2.6245979461357978,2.6245979461357978,2.6245979461357978,3456434,2.6245979461357978,True,2.6245979461357978,693384aaf751eb0d,1.84,1.76,360,4.1,True
3,2,74,175,5.777068,2.6245979461357978,2.6245979461357978,2.6245979461357978,3489644,2.6245979461357978,True,2.6245979461357978,693384aaf751eb0d,1.84,1.76,360,4.1,True
3,2,76,176,5.831830,2.6245979461357978,2.6245979461357978,2.6245979461357978,3525590,2.6245979461357978,True,2.6245979461357978,693384aaf751eb0d,1.84,1.76,360,4.1,True
3,2,75,177,5.872903,2.6245979461357978,2.6245979461357978,2.6245979461357978,3551867,2.6245979461357978,True,2.6245979461357978,693384aaf751eb0d,1.84,1.76,360,4.1,True
3,2,77,178,5.911252,2.6245979461357978,2.6245979461357978,2.6245979461357978,3575300,2.6245979461357978,True,2.6245979461357978,693384aaf751eb0d,1.84,1.76,360,4.1,True
3,2,79,179,5.957346,2.6245979461357978,2.6245979461357978,2.6245979461357978,3605778,2.6245979461357978,True,2.6245979461357978,693384aaf751eb0d,1.84,1.76,360,4.1,True
3,2,78,180,6.012559,2.6245979461357978,2.6245979461357978,2.6245979461357978,3638927,2.6245979461357978,True,2.6245979461357978,693384aaf751eb0d,1.84,1.76,360,4.1,True
3,2,80,181,6.071367,2.6245979461357978,2.6245979461357978,2.6245979461357978,3678551,2.6245979461357978,True,2.6245979461357978,693384aaf751eb0d,1.84,1.76,360,4.1,True
3,2,82,182,6.113899,2.6245979461357978,2.6245979461357978,2.6245979461357978,3707203,2.6245979461357978,True,2.6245979461357978,693384aaf751eb0d,1.84,1.76,360,4.1,True
3,2,81,183,6.154172,2.6245979461357978,2.6245979461357978,2.6245979461357978,3733612,2.6245979461357978,True,2.6245979461357978,693384aaf751eb0d,1.84,1.76,360,4.1,True
3,2,84,184,6.208245,2.6245979461357978,2.6245979461357978,2.6245979461357978,3766517,2.6245979461357978,True,2.6245979461357978,693384aaf751eb0d,1.84,1.76,360,4.1,True
3,2,83,185,6.255360,2.6245979461357978,2.6245979461357978,2.6245979461357978,3796252,2.6245979461357978,True,2.6245979461357978,693384aaf751eb0d,1.84,1.76,360,4.1,True
3,2,86,186,6.294687,2.6245979461357978,2.6245979461357978,2.6245979461357978,3821723,2.6245979461357978,True,2.6245979461357978,693384aaf751eb0d,1.84,1.76,360,4.1,True
3,2,85,187,6.354590,2.6245979461357978,2.6245979461357978,2.6245979461357978,3859086,2.6245979461357978,True,2.6245979461357978,693384aaf751eb0d,1.84,1.76,360,4.1,True
3,2,87,188,6.397222,2.6245979461357978,2.6245979461357978,2.6245979461357978,3888394,2.6245979461357978,True,2.6245979461357978,693384aaf751eb0d,1.84,1.76,360,4.1,True
3,2,88,189,6.451391,2.6245979461357978,2.6245979461357978,2.6245979461357978,3924631,2.6245979461357978,True,2.6245979461357978,693384aaf751eb0d,1.84,1.76,360,4.1,True
3,2,90,190,6.492403,2.6245979461357978,2.6245979461357978,2.6245979461357978,3952299,2.6245979461357978,True,2.6245979461357978,693384aaf751eb0d,1.84,1.76,360,4.1,True
3,2,89,191,6.540586,2.6245979461357978,2.6245979461357978,2.6245979461357978,3982462,2.6245979461357978,True,2.6245979461357978,693384aaf751eb0d,1.84,1.76,360,4.1,True
3,2,91,192,6.600520,2.6245979461357978,2.6245979461357978,2.6245979461357978,4020640,2.6245979461357978,True,2.6245979461357978,693384aaf751eb0d,1.84,1.76,360,4.1,True
3,2,93,193,6.651653,2.6245979461357978,2.6245979461357978,2.6245979461357978,4053725,2.6245979461357978,True,2.6245979461357978,693384aaf751eb0d,1.84,1.76,360,4.1,True
3,2,94,194,6.694952,2.6245979461357978,2.6245979461357978,2.6245979461357978,4078856,2.6245979461357978,True,2.6245979461357978,693384aaf751eb0d,1.84,1.76,360,4.1,True
3,2,95,195,6.745103,2.6245979461357978,2.6245979461357978,2.6245979461357978,4112387,2.6245979461357978,True,2.6245979461357978,693384aaf751eb0d,1.84,1.76,360,4.1,True
3,2,92,196,6.790629,2.6245979461357978,2.6245979461357978,2.6245979461357978,4141837,2.6245979461357978,True,2.6245979461357978,693384aaf751eb0d,1.84,1.76,360,4.1,True
3,2,96,197,6.853686,2.6245979461357978,2.6245979461357978,2.6245979461357978,4182090,2.6245979461357978,True,2.6245979461357978,693384aaf751eb0d,1.84,1.76,360,4.1,True
3,2,98,198,6.898240,2.6256592265046916,2.6256592265046907,2.6256592265046907,4210244,2.6256592265046907,True,2.6256592265046916,4307f96bf51d7fb2,2.47,2.33,360,2.9,True
3,2,97,199,6.962910,2.6256592265046916,2.6256592265046907,2.6256592265046907,4252138,2.6256592265046907,True,2.6256592265046916,4307f96bf51d7fb2,2.47,2.33,360,2.9,True
3,2,99,200,7.014942,2.6256592265046916,2.6256592265046907,2.6256592265046907,4286238,2.6256592265046907,True,2.6256592265046916,4307f96bf51d7fb2,2.47,2.33,360,2.9,True
